-- phpMyAdmin SQL Dump
-- version 4.1.14
-- http://www.phpmyadmin.net
--
-- Host: 127.0.0.1
-- Generation Time: 2018-04-21 15:13:53
-- 服务器版本： 5.6.17
-- PHP Version: 5.5.12

SET SQL_MODE = "NO_AUTO_VALUE_ON_ZERO";
SET time_zone = "+00:00";


/*!40101 SET @OLD_CHARACTER_SET_CLIENT=@@CHARACTER_SET_CLIENT */;
/*!40101 SET @OLD_CHARACTER_SET_RESULTS=@@CHARACTER_SET_RESULTS */;
/*!40101 SET @OLD_COLLATION_CONNECTION=@@COLLATION_CONNECTION */;
/*!40101 SET NAMES utf8 */;

--
-- Database: `game`
--

-- --------------------------------------------------------

--
-- 表的结构 `district`
--

CREATE TABLE IF NOT EXISTS `district` (
  `id` int(11) NOT NULL AUTO_INCREMENT,
  `big` varchar(8) NOT NULL,
  `name` varchar(16) NOT NULL,
  PRIMARY KEY (`id`)
) ENGINE=InnoDB  DEFAULT CHARSET=utf8 AUTO_INCREMENT=163 ;

--
-- 转存表中的数据 `district`
--

INSERT INTO `district` (`id`, `big`, `name`) VALUES
(1, '一区', '桃园结义'),
(2, '一区', '八仙过海'),
(3, '一区', '高山流水'),
(4, '一区', '花好月圆'),
(5, '一区', '四海升平'),
(6, '一区', '物华天宝'),
(7, '一区', '海纳百川'),
(8, '一区', '群星璀璨'),
(9, '一区', '天下无双'),
(10, '一区', '梦回唐朝'),
(11, '一区', '开辟鸿蒙'),
(12, '一区', '紫气东来'),
(13, '一区', '紫禁之巅'),
(14, '一区', '华夏'),
(15, '一区', '彩云追月'),
(16, '一区', '似水流年'),
(17, '一区', '花样年华'),
(18, '一区', '缘定三生'),
(19, '一区', '地久天长'),
(20, '一区', '群英荟萃'),
(21, '一区', '国色天香'),
(22, '一区', '海阔天空'),
(23, '一区', '三阳开泰'),
(24, '一区', '天涯海角'),
(25, '一区', '万里长城'),
(26, '一区', '再续前缘'),
(27, '二区', '身似菩提'),
(28, '二区', '梦回奔日'),
(29, '二区', '麒麟山'),
(30, '二区', '西梁女国'),
(31, '二区', '瑶池圣地'),
(32, '二区', '长安城'),
(33, '二区', '东海湾'),
(34, '二区', '五丁开山'),
(35, '二区', '蓬莱仙岛'),
(36, '二区', '秋水人家'),
(37, '二区', '江南野外'),
(38, '三区', '雷霆万钧'),
(39, '三区', '四法青云'),
(40, '三区', '画龙点睛'),
(41, '四区', '名扬四海'),
(42, '四区', '百花齐放'),
(43, '四区', '卧虎藏龙'),
(44, '四区', '执子之手'),
(45, '五区', '钱塘江'),
(46, '五区', '燕赵风云'),
(47, '五区', '城隍庙'),
(48, '五区', '钓鱼岛'),
(49, '五区', '碧落星空'),
(50, '五区', '暮雨朝云'),
(51, '六区', '香蜜湖'),
(52, '六区', '金榜题名'),
(53, '六区', '彩云之南'),
(54, '六区', '凌云殿'),
(55, '六区', '姑苏城'),
(56, '六区', '花开富贵'),
(57, '六区', '倾国倾城'),
(58, '六区', '飞砂走石'),
(59, '六区', '万紫千红'),
(60, '六区', '龙凤呈祥'),
(61, '七区', '仙履奇缘'),
(62, '七区', '顶天立地'),
(63, '七区', '长乐永昌'),
(64, '七区', '前程似锦'),
(65, '七区', '紫陌红尘'),
(66, '七区', '梦想岛'),
(67, '七区', '如画如诗'),
(68, '八区', '一生所爱'),
(69, '八区', '红颜知己'),
(70, '八区', '繁花似锦'),
(71, '八区', '开创未来'),
(72, '八区', '仗剑天涯'),
(73, '八区', '夏日浓情'),
(74, '八区', '人月两圆'),
(75, '八区', '前所未有'),
(76, '八区', '欢天喜地'),
(77, '八区', '心心相印'),
(78, '八区', '一起结婚'),
(79, '九区', '朝阳鸣凤'),
(80, '九区', '龙飞凤舞'),
(81, '九区', '四季平安'),
(82, '九区', '大唐盛世'),
(83, '九区', '剑歌红尘'),
(84, '九区', '红尘如梦'),
(85, '九区', '一起幸福'),
(86, '十区', '清风自在'),
(87, '十区', '人间芳菲'),
(88, '十区', '合家团圆'),
(89, '十区', '春和景明'),
(90, '十区', '锦绣山河'),
(91, '十区', '吉星高照'),
(92, '十一区', '独占鳌头'),
(93, '十一区', '童真童趣'),
(94, '十一区', '如梦如诗'),
(95, '十一区', '风和日丽'),
(96, '十一区', '诗情画意'),
(97, '十一区', '烟雨斜阳'),
(98, '十二区', '雪满长空'),
(99, '十二区', '锦瑟华年'),
(100, '十二区', '王者归来'),
(101, '十二区', '四海欢腾'),
(102, '十二区', '暗香疏影'),
(103, '十二区', '嫦娥奔月'),
(104, '十二区', '一笑倾城'),
(105, '十二区', '技压群雄'),
(106, '十二区', '佳人如梦'),
(107, '十三区', '招财进宝'),
(108, '十三区', '气壮山河'),
(109, '十三区', '情有独钟'),
(110, '十三区', '龙行天下'),
(111, '十三区', '一起恋爱'),
(112, '十三区', '天下风云'),
(113, '十四区', '以梦为马'),
(114, '十四区', '酒意诗情'),
(115, '十四区', '骑幻冒险'),
(116, '十四区', '名扬万里'),
(117, '十四区', '桃花依旧'),
(118, '十四区', '天下归心'),
(119, '双平台', '海棠迎风'),
(120, '双平台', '明河星舟'),
(121, '双平台', '2018'),
(122, '双平台', '时空之隙'),
(123, '双平台', '满堂花醉'),
(124, '双平台', '灿烂千阳'),
(125, '双平台', '因梦而在'),
(126, '双平台', '华灯结彩'),
(127, '双平台', '如意新春'),
(128, '双平台', '旺福迎春'),
(129, '双平台', '双面伊人'),
(130, '双平台', '两心相知'),
(131, '双平台', '十年一梦'),
(132, '双平台', '愿闻花名'),
(133, '双平台', '河洛天工'),
(134, '双平台', '洛阳匠心'),
(135, '双平台', '流萤灯'),
(136, '双平台', '风起之时'),
(137, '双平台', '落花清寒'),
(138, '双平台', '少年无畏'),
(139, '双平台', '风之痕'),
(140, '双平台', '秋声赋'),
(141, '双平台', '一战倾城'),
(142, '双平台', '逍遥游'),
(143, '双平台', '四海九州'),
(144, '双平台', '此生不换'),
(145, '双平台', '海之彼端'),
(146, '双平台', '风样自由'),
(147, '双平台', '相见恨晚'),
(148, '双平台', '三生情缘'),
(149, '双平台', '对月歌'),
(150, '双平台', '皓月千里'),
(151, '双平台', '幸福群像'),
(152, '双平台', '那时花开'),
(153, '双平台', '致青春'),
(154, '双平台', '夏日香气'),
(155, '双平台', '携手逐梦'),
(156, '双平台', '心意相通'),
(157, '双平台', '咕噜咕噜'),
(158, '双平台', '冬日恋曲'),
(159, '双平台', '似水年华'),
(160, '双平台', '雪之歌'),
(161, '双平台', '琉璃城'),
(162, '安卓混服', '安卓混服');

-- --------------------------------------------------------

--
-- 表的结构 `equipment`
--

CREATE TABLE IF NOT EXISTS `equipment` (
  `id` int(11) NOT NULL AUTO_INCREMENT,
  `category` varchar(16) NOT NULL,
  `price` int(11) NOT NULL,
  `os` varchar(16) NOT NULL,
  `district` int(11) NOT NULL,
  `level` int(11) NOT NULL,
  `bind` varchar(16) NOT NULL,
  `sex` int(11) NOT NULL,
  `school` int(11) NOT NULL,
  `monster` int(11) NOT NULL,
  `discuss` int(11) NOT NULL,
  `note` varchar(512) NOT NULL,
  `updatetime` datetime NOT NULL,
  PRIMARY KEY (`id`)
) ENGINE=InnoDB  DEFAULT CHARSET=utf8 AUTO_INCREMENT=20525 ;

--
-- 转存表中的数据 `equipment`
--

INSERT INTO `equipment` (`id`, `category`, `price`, `os`, `district`, `level`, `bind`, `sex`, `school`, `monster`, `discuss`, `note`, `updatetime`) VALUES
(20013, '金币号', 39912, '安卓官服', 50, 73, '无绑定账号', 1, 8, 74, 1, '受到的法术伤害减半，效果为3回合', '2018-04-18 16:47:22'),
(20014, '金币号', 40909, '苹果专区', 74, 21, '签合同账号', 1, 3, 43, 0, '复活所有队友并恢复全部气血，使用后自己的气血及气血上限将变为最大气血的10%，魔法变为0，不能复活鬼魂类的召唤兽', '2018-04-18 16:47:22'),
(20015, '装备专区', 8291, '苹果安卓互通区', 126, 55, '有绑定账号', 0, 9, 5, 0, '令敌全体队员各有一定几率处于某种异常状态', '2018-04-18 16:47:22'),
(20016, '金币号', 22930, '苹果专区', 146, 33, '有绑定账号', 1, 3, 48, 0, '全体队友物理防御力上升，效果持续到战斗结束', '2018-04-18 16:47:22'),
(20017, '装备专区', 16395, '苹果安卓互通区', 148, 40, '手机账号', 1, 9, 22, 1, '恢复（上限6%+400）的气血，对单人使用', '2018-04-18 16:47:22'),
(20018, '金币号', 32589, '苹果专区', 21, 38, '手机账号', 0, 1, 8, 1, '减少敌方单人70点愤怒值', '2018-04-18 16:47:22'),
(20019, '装备专区', 34363, '苹果专区', 133, 51, '有绑定账号', 1, 4, 98, 1, '降低敌方全体的物理防御力，效果持续到战斗结束', '2018-04-18 16:47:22'),
(20020, '成品号', 28651, '安卓官服', 159, 33, '有绑定账号', 1, 8, 68, 0, '将自己受到的法术反作用给施法者（针对某些特殊情况下无效），效果持续两回合', '2018-04-18 16:47:22'),
(20021, '装备专区', 9585, '苹果安卓互通区', 13, 58, '手机账号', 0, 5, 53, 0, '提升队友的速度，效果持续到战斗结束', '2018-04-18 16:47:22'),
(20022, '装备专区', 38132, '苹果安卓互通区', 129, 71, '手机账号', 0, 7, 25, 1, '减少对方HP，最小伤害为50', '2018-04-18 16:47:22'),
(20023, '宠物专区', 3204, '苹果专区', 128, 84, '无绑定账号', 0, 7, 61, 0, '给己方指定目标笼罩一个可抵御目标等级×6伤害的护甲，持续2个回合。（即笼罩该状态的目标在回合内所受的伤害会先被抵挡，回合到或抵挡伤害上限到则状态消失。）', '2018-04-18 16:47:22'),
(20024, '成品号', 19797, '苹果安卓互通区', 69, 37, '签合同账号', 0, 7, 27, 1, '恢复自身1/4的气血（最高不超过人物等级×12）', '2018-04-18 16:47:22'),
(20025, '装备专区', 8108, '苹果专区', 88, 99, '有绑定账号', 1, 2, 43, 0, '减少敌方单人当前20%的MP', '2018-04-18 16:47:22'),
(20026, '宠物专区', 46163, '苹果安卓互通区', 33, 93, '有绑定账号', 1, 9, 69, 0, '令敌全体队员各有一定几率处于某种异常状态', '2018-04-18 16:47:22'),
(20027, '金币号', 39940, '安卓官服', 71, 16, '无绑定账号', 0, 5, 71, 0, '减少对方全体一定量的HP及MP，效果受对方力量属性影响', '2018-04-18 16:47:22'),
(20028, '金币号', 30495, '苹果专区', 160, 15, '手机账号', 0, 6, 100, 0, '给己方指定目标笼罩一个可抵御目标等级×6伤害的护甲，持续2个回合。（即笼罩该状态的目标在回合内所受的伤害会先被抵挡，回合到或抵挡伤害上限到则状态消失。）', '2018-04-18 16:47:22'),
(20029, '金币号', 46088, '苹果安卓互通区', 10, 26, '签合同账号', 0, 8, 67, 0, '全体队友受到的法术伤害减半，效果为3回合', '2018-04-18 16:47:22'),
(20030, '成品号', 45308, '安卓官服', 17, 76, '签合同账号', 1, 6, 16, 1, '提升队友的防御力，效果持续到战斗结束', '2018-04-18 16:47:22'),
(20031, '装备专区', 42195, '苹果安卓互通区', 84, 41, '无绑定账号', 1, 7, 2, 0, '减少对方一定量的HP及MP，效果受对方魔法属性影响', '2018-04-18 16:47:22'),
(20032, '宠物专区', 3867, '苹果安卓互通区', 67, 51, '手机账号', 0, 2, 64, 1, '解除各种异常状态，如被封物理、魔法、中毒、混乱等', '2018-04-18 16:47:22'),
(20033, '成品号', 21150, '安卓官服', 63, 30, '签合同账号', 0, 2, 99, 0, '以临时提高伤害力攻击对手,适于对付防御高者', '2018-04-18 16:47:22'),
(20034, '装备专区', 24191, '安卓官服', 40, 103, '签合同账号', 0, 3, 40, 0, '恢复全体队友1/4的气血（最高不超过被恢复人的等级×12），对有低级鬼魂术的召唤兽无效', '2018-04-18 16:47:22'),
(20035, '成品号', 44094, '苹果安卓互通区', 125, 19, '无绑定账号', 1, 8, 29, 0, '降低敌方全体的速度，效果持续到战斗结束', '2018-04-18 16:47:22'),
(20036, '成品号', 19542, '苹果专区', 74, 7, '无绑定账号', 1, 3, 92, 1, '受到伤害时，将伤害的一半反作用给对方（作用于多人的法术除外），效果为5回合（每次反弹不超过人物等级×8）', '2018-04-18 16:47:22'),
(20037, '装备专区', 12918, '安卓官服', 43, 86, '签合同账号', 1, 9, 15, 1, '降低敌方全体的速度，效果持续到战斗结束', '2018-04-18 16:47:22'),
(20038, '装备专区', 16937, '安卓官服', 62, 36, '签合同账号', 1, 9, 17, 1, '给己方指定目标回复20%上限的MP。最高不超过目标等级*8。', '2018-04-18 16:47:22'),
(20039, '金币号', 34263, '苹果安卓互通区', 156, 35, '签合同账号', 1, 9, 28, 0, '恢复自身1/4的气血（最高不超过人物等级×12）', '2018-04-18 16:47:22'),
(20040, '金币号', 20641, '苹果专区', 141, 76, '有绑定账号', 1, 6, 61, 0, '降低敌方全体的速度，效果持续到战斗结束', '2018-04-18 16:47:22'),
(20041, '成品号', 10019, '苹果专区', 73, 55, '无绑定账号', 0, 8, 89, 0, '恢复自身大量的MP，效果受自己的魔法上限影响', '2018-04-18 16:47:22'),
(20042, '宠物专区', 12171, '苹果安卓互通区', 43, 69, '签合同账号', 1, 2, 21, 1, '提升队友的伤害力，效果持续到战斗结束', '2018-04-18 16:47:22'),
(20043, '成品号', 46827, '安卓官服', 135, 60, '签合同账号', 0, 5, 72, 1, '给己方所有目标增加一个临时屏障，可抵御目标等级×5伤害，持续2个回合。（即笼罩该状态的目标在回合内所受的伤害会先被抵挡，回合到或抵挡伤害上限到则状态消失。）', '2018-04-18 16:47:22'),
(20044, '成品号', 41292, '安卓官服', 65, 10, '签合同账号', 1, 9, 44, 0, '一定几率令对手在5回合内使用法术和特技的消耗增加。', '2018-04-18 16:47:22'),
(20045, '宠物专区', 46577, '安卓官服', 112, 19, '无绑定账号', 1, 7, 97, 1, '抵御一切异常类、辅助类附加效果，效果持续四回合', '2018-04-18 16:47:22'),
(20046, '金币号', 44019, '苹果安卓互通区', 102, 62, '手机账号', 0, 7, 27, 1, '解除全体队友的各种异常状态，并恢复每人15%的气血', '2018-04-18 16:47:22'),
(20047, '宠物专区', 24910, '苹果安卓互通区', 21, 67, '无绑定账号', 0, 4, 37, 0, '恢复（上限9%+600）的气血，对单人使用', '2018-04-18 16:47:22'),
(20048, '金币号', 24618, '苹果专区', 129, 1, '手机账号', 1, 1, 17, 1, '提升队友的防御力，效果持续到战斗结束', '2018-04-18 16:47:22'),
(20049, '宠物专区', 20216, '苹果安卓互通区', 119, 62, '手机账号', 1, 3, 14, 0, '狂性大发，可以连续攻击两次', '2018-04-18 16:47:22'),
(20050, '宠物专区', 10105, '苹果专区', 40, 99, '签合同账号', 0, 5, 11, 0, '提升队友的防御力，效果持续到战斗结束', '2018-04-18 16:47:22'),
(20051, '宠物专区', 2637, '苹果专区', 98, 29, '签合同账号', 0, 3, 99, 0, '给己方所有目标增加一个临时屏障，可抵御目标等级×5伤害，持续2个回合。（即笼罩该状态的目标在回合内所受的伤害会先被抵挡，回合到或抵挡伤害上限到则状态消失。）', '2018-04-18 16:47:22'),
(20052, '宠物专区', 4745, '苹果专区', 132, 23, '签合同账号', 1, 6, 55, 0, '5回合内敌人对自己使用的法术有一定几率失效', '2018-04-18 16:47:22'),
(20053, '成品号', 10563, '安卓官服', 54, 46, '有绑定账号', 0, 3, 14, 0, '复活并恢复1/2的气血（最高不超过人物等级×20），只能对倒地状态的人物使用', '2018-04-18 16:47:22'),
(20054, '宠物专区', 35555, '苹果安卓互通区', 138, 43, '无绑定账号', 1, 1, 47, 0, '全体队友受到的法术伤害减半，效果为3回合', '2018-04-18 16:47:22'),
(20055, '成品号', 14134, '苹果专区', 2, 27, '手机账号', 1, 9, 31, 1, '降低敌方全体的速度，效果持续到战斗结束', '2018-04-18 16:47:22'),
(20056, '装备专区', 15798, '苹果专区', 32, 47, '签合同账号', 0, 4, 33, 0, '受到伤害时，将伤害的一半反作用给对方（作用于多人的法术除外），效果为5回合（每次反弹不超过人物等级×8）', '2018-04-18 16:47:22'),
(20057, '装备专区', 6242, '安卓官服', 38, 52, '无绑定账号', 0, 5, 73, 1, '解除全体队友的各种异常状态，并恢复每人15%的气血', '2018-04-18 16:47:22'),
(20058, '装备专区', 17992, '苹果专区', 32, 86, '有绑定账号', 1, 3, 10, 0, '解除全体队友的各种异常状态，并恢复每人15%的气血', '2018-04-18 16:47:22'),
(20059, '成品号', 2526, '苹果专区', 16, 35, '手机账号', 1, 3, 10, 1, '降低敌方全体的速度，效果持续到战斗结束', '2018-04-18 16:47:22'),
(20060, '金币号', 46402, '苹果专区', 112, 46, '无绑定账号', 1, 2, 25, 0, '恢复（上限3%+200）的气血，对单人使用', '2018-04-18 16:47:22'),
(20061, '金币号', 41378, '安卓官服', 31, 55, '手机账号', 1, 5, 65, 0, '降低敌方全体的速度，效果持续到战斗结束', '2018-04-18 16:47:22'),
(20062, '成品号', 37043, '安卓官服', 5, 89, '有绑定账号', 1, 8, 75, 0, '降低敌人的物理伤害力，效果持续到战斗结束', '2018-04-18 16:47:22'),
(20063, '装备专区', 47438, '苹果专区', 100, 25, '手机账号', 1, 8, 10, 1, '减少对方一定量的HP及MP，效果受对方魔法属性影响', '2018-04-18 16:47:22'),
(20064, '宠物专区', 39682, '苹果安卓互通区', 10, 103, '有绑定账号', 0, 7, 8, 0, '给己方全体单位回复20%上限的MP。最高不超过目标等级*8。', '2018-04-18 16:47:22'),
(20065, '宠物专区', 13596, '安卓官服', 155, 25, '有绑定账号', 1, 3, 66, 0, '给己方指定目标笼罩一个可抵御目标等级×6伤害的护甲，持续2个回合。（即笼罩该状态的目标在回合内所受的伤害会先被抵挡，回合到或抵挡伤害上限到则状态消失。）', '2018-04-18 16:47:22'),
(20066, '宠物专区', 35832, '苹果专区', 19, 27, '手机账号', 1, 5, 18, 0, '减少敌全体同等于自己“魔力”属性/3的HP及MP。', '2018-04-18 16:47:22'),
(20067, '金币号', 46494, '安卓官服', 50, 79, '手机账号', 1, 5, 6, 0, '减少对方全体一定量的HP及MP，效果受对方力量属性影响', '2018-04-18 16:47:22'),
(20068, '金币号', 29761, '安卓官服', 7, 79, '手机账号', 0, 7, 55, 1, '给己方指定目标回复20%上限的MP。最高不超过目标等级*8。', '2018-04-18 16:47:22'),
(20069, '装备专区', 2520, '安卓官服', 44, 46, '手机账号', 1, 5, 51, 1, '恢复自身1/2的气血（最高不超过人物等级×20）', '2018-04-18 16:47:22'),
(20070, '金币号', 2984, '苹果专区', 30, 91, '无绑定账号', 0, 1, 14, 1, '提升队友的速度，效果持续到战斗结束', '2018-04-18 16:47:22'),
(20071, '金币号', 33819, '苹果安卓互通区', 152, 60, '无绑定账号', 0, 9, 73, 0, '受到伤害时，将伤害的一半反作用给对方（作用于多人的法术除外），效果为5回合（每次反弹不超过人物等级×8）', '2018-04-18 16:47:22'),
(20072, '成品号', 5267, '安卓官服', 64, 59, '无绑定账号', 1, 9, 42, 1, '可以攻击对方多人，最小伤害为50', '2018-04-18 16:47:22'),
(20073, '金币号', 42278, '安卓官服', 145, 91, '签合同账号', 0, 9, 94, 1, '令敌全体队员各有一定几率处于某种异常状态', '2018-04-18 16:47:22'),
(20074, '成品号', 18125, '苹果专区', 162, 34, '手机账号', 1, 3, 36, 1, '降低敌人的物理防御力，效果持续到战斗结束', '2018-04-18 16:47:22'),
(20075, '宠物专区', 43539, '苹果安卓互通区', 39, 51, '无绑定账号', 1, 9, 86, 1, '降低敌方全体的物理防御力，效果持续到战斗结束', '2018-04-18 16:47:22'),
(20076, '金币号', 45825, '苹果专区', 139, 13, '无绑定账号', 1, 3, 44, 0, '恢复自身1/4的气血（最高不超过人物等级×12）', '2018-04-18 16:47:22'),
(20077, '金币号', 30492, '苹果安卓互通区', 93, 21, '手机账号', 0, 3, 71, 1, '减少对方一定量的HP及MP，效果受对方魔法属性影响', '2018-04-18 16:47:22'),
(20078, '成品号', 24379, '苹果安卓互通区', 50, 48, '签合同账号', 1, 8, 61, 0, '恢复全体队友1/4的气血（最高不超过被恢复人的等级×12），对有低级鬼魂术的召唤兽无效', '2018-04-18 16:47:22'),
(20079, '宠物专区', 18778, '苹果专区', 158, 24, '无绑定账号', 0, 3, 20, 0, '令敌全体队员各有一定几率处于某种异常状态', '2018-04-18 16:47:23'),
(20080, '装备专区', 3556, '安卓官服', 32, 25, '无绑定账号', 1, 3, 36, 0, '抵御一切异常类、辅助类附加效果，效果持续四回合', '2018-04-18 16:47:23'),
(20081, '成品号', 46788, '安卓官服', 9, 29, '无绑定账号', 0, 2, 56, 1, '物理攻击敌人，并减少对方和HP损失相同的MP', '2018-04-18 16:47:23'),
(20082, '装备专区', 10371, '苹果安卓互通区', 139, 106, '有绑定账号', 1, 5, 64, 1, '减少敌单体同等于自己“魔力”属性的HP及MP。', '2018-04-18 16:47:23'),
(20083, '成品号', 39162, '安卓官服', 145, 61, '无绑定账号', 0, 6, 50, 0, '减少敌单体同等于自己“魔力”属性的HP及MP。', '2018-04-18 16:47:23'),
(20084, '成品号', 3590, '安卓官服', 24, 67, '签合同账号', 0, 7, 92, 0, '吸取对方当前30%的MP，不能对怪物BOSS使用', '2018-04-18 16:47:23'),
(20085, '宠物专区', 34291, '苹果专区', 14, 88, '手机账号', 0, 6, 25, 0, '全体队友受到的法术伤害减半，效果为3回合', '2018-04-18 16:47:23'),
(20086, '金币号', 10227, '苹果专区', 65, 70, '无绑定账号', 1, 9, 18, 0, '物理攻击敌人，并减少对方和HP损失相同的MP', '2018-04-18 16:47:23'),
(20087, '成品号', 47816, '苹果安卓互通区', 119, 25, '手机账号', 0, 8, 52, 1, '物理攻击敌人，并减少对方和HP损失相同的MP', '2018-04-18 16:47:23'),
(20088, '装备专区', 34549, '苹果专区', 76, 2, '有绑定账号', 0, 5, 89, 0, '提升队友的伤害力，效果持续到战斗结束', '2018-04-18 16:47:23'),
(20089, '金币号', 27126, '安卓官服', 70, 61, '有绑定账号', 0, 3, 52, 0, '物理攻击敌人，并减少对方和HP损失相同的MP', '2018-04-18 16:47:23'),
(20090, '装备专区', 12571, '苹果专区', 111, 24, '签合同账号', 0, 1, 100, 0, '解除各种异常状态，并恢复1/4的气血（最高不超过人物等级×12）', '2018-04-18 16:47:23'),
(20091, '装备专区', 33363, '苹果安卓互通区', 42, 109, '手机账号', 0, 5, 99, 1, '给己方全体单位回复20%上限的MP。最高不超过目标等级*8。', '2018-04-18 16:47:23'),
(20092, '宠物专区', 39559, '苹果安卓互通区', 146, 22, '无绑定账号', 0, 2, 100, 1, '降低敌方全体的物理防御力，效果持续到战斗结束', '2018-04-18 16:47:23'),
(20093, '成品号', 13918, '安卓官服', 134, 29, '手机账号', 1, 8, 13, 1, '减少敌方单人当前20%的HP', '2018-04-18 16:47:23'),
(20094, '金币号', 6028, '苹果专区', 75, 48, '无绑定账号', 0, 6, 85, 0, '恢复全体队友1/4的气血（最高不超过被恢复人的等级×12），对有低级鬼魂术的召唤兽无效', '2018-04-18 16:47:23'),
(20095, '装备专区', 29931, '苹果专区', 35, 64, '手机账号', 0, 6, 68, 0, '解除全体队友的各种异常状态，并恢复每人15%的气血', '2018-04-18 16:47:23'),
(20096, '金币号', 7244, '苹果安卓互通区', 33, 99, '签合同账号', 1, 7, 1, 0, '恢复全体队友1/4的气血（最高不超过被恢复人的等级×12），对有低级鬼魂术的召唤兽无效', '2018-04-18 16:47:23'),
(20097, '金币号', 28792, '苹果安卓互通区', 4, 75, '手机账号', 0, 9, 83, 0, '将自己受到的法术反作用给施法者（针对某些特殊情况下无效），效果持续两回合', '2018-04-18 16:47:23'),
(20098, '成品号', 24724, '安卓官服', 78, 6, '签合同账号', 1, 3, 46, 0, '减少敌方单人70点愤怒值', '2018-04-18 16:47:23'),
(20099, '装备专区', 26143, '苹果安卓互通区', 56, 84, '手机账号', 1, 6, 32, 1, '受到伤害时，将伤害的一半反作用给对方（作用于多人的法术除外），效果为5回合（每次反弹不超过人物等级×8）', '2018-04-18 16:47:23'),
(20100, '装备专区', 17231, '安卓官服', 21, 96, '有绑定账号', 0, 6, 67, 0, '令敌全体队员各有一定几率处于某种异常状态', '2018-04-18 16:47:23'),
(20101, '宠物专区', 14873, '苹果专区', 126, 62, '手机账号', 0, 6, 36, 0, '复活并恢复HP150点，只能对倒地状态的人物使用', '2018-04-18 16:47:23'),
(20102, '装备专区', 11782, '苹果专区', 79, 91, '签合同账号', 1, 7, 60, 1, '全体队友速度上升，效果持续到战斗结束', '2018-04-18 16:47:23'),
(20103, '金币号', 10624, '苹果专区', 67, 31, '无绑定账号', 0, 5, 68, 0, '全体队友伤害力上升，效果持续到战斗结束', '2018-04-18 16:47:23'),
(20104, '成品号', 12643, '苹果专区', 67, 96, '有绑定账号', 1, 8, 73, 1, '一定几率令对手在5回合内使用法术和特技的消耗增加。', '2018-04-18 16:47:23'),
(20105, '装备专区', 6286, '苹果专区', 136, 72, '签合同账号', 0, 5, 48, 0, '恢复（上限3%+200）的气血，对单人使用', '2018-04-18 16:47:23'),
(20106, '宠物专区', 46830, '苹果安卓互通区', 39, 54, '签合同账号', 0, 8, 2, 0, '解除全体队友的各种异常状态，并恢复每人15%的气血', '2018-04-18 16:47:23'),
(20107, '金币号', 17500, '安卓官服', 25, 97, '签合同账号', 1, 9, 50, 0, '以临时提高伤害力攻击对手,适于对付防御高者', '2018-04-18 16:47:23'),
(20108, '宠物专区', 27606, '安卓官服', 133, 71, '签合同账号', 0, 1, 94, 0, '提升队友的速度，效果持续到战斗结束', '2018-04-18 16:47:23'),
(20109, '装备专区', 37157, '苹果安卓互通区', 154, 77, '手机账号', 0, 2, 94, 0, '恢复全体队友1/4的气血（最高不超过被恢复人的等级×12），对有低级鬼魂术的召唤兽无效', '2018-04-18 16:47:23'),
(20110, '成品号', 27490, '苹果专区', 79, 89, '有绑定账号', 1, 3, 45, 1, '降低敌方全体的伤害力，效果持续到战斗结束', '2018-04-18 16:47:23'),
(20111, '宠物专区', 35396, '苹果安卓互通区', 53, 36, '签合同账号', 0, 7, 53, 1, '恢复（上限9%+600）的气血，对单人使用', '2018-04-18 16:47:23'),
(20112, '金币号', 5245, '苹果安卓互通区', 15, 104, '有绑定账号', 1, 9, 4, 1, '将自己受到的法术反作用给施法者（针对某些特殊情况下无效），效果持续两回合', '2018-04-18 16:47:23'),
(20113, '成品号', 5109, '安卓官服', 141, 51, '无绑定账号', 1, 6, 48, 0, '减少敌方单人70点愤怒值', '2018-04-18 16:47:23'),
(20114, '装备专区', 33388, '苹果安卓互通区', 158, 58, '有绑定账号', 0, 9, 66, 1, '恢复（上限3%+200）的气血，对单人使用', '2018-04-18 16:47:23'),
(20115, '成品号', 7436, '安卓官服', 110, 38, '签合同账号', 0, 5, 52, 1, '提升队友的防御力，效果持续到战斗结束', '2018-04-18 16:47:23'),
(20116, '宠物专区', 25185, '苹果专区', 159, 57, '手机账号', 0, 4, 79, 0, '提升队友的伤害力，效果持续到战斗结束', '2018-04-18 16:47:23'),
(20117, '金币号', 35269, '安卓官服', 56, 76, '手机账号', 1, 5, 86, 0, '解除全体队友的各种异常状态', '2018-04-18 16:47:23'),
(20118, '成品号', 7650, '苹果安卓互通区', 74, 43, '手机账号', 0, 4, 40, 0, '5回合内敌人对自己使用的法术有一定几率失效', '2018-04-18 16:47:23'),
(20119, '成品号', 13246, '苹果专区', 156, 78, '有绑定账号', 1, 2, 22, 0, '全体队友伤害力上升，效果持续到战斗结束', '2018-04-18 16:47:23'),
(20120, '宠物专区', 30550, '安卓官服', 39, 12, '有绑定账号', 1, 1, 95, 1, '减少对方HP，最小伤害为50', '2018-04-18 16:47:23'),
(20121, '成品号', 25260, '苹果专区', 20, 14, '无绑定账号', 1, 5, 82, 0, '减少对方HP，最小伤害为50', '2018-04-18 16:47:23'),
(20122, '成品号', 29900, '苹果安卓互通区', 109, 16, '签合同账号', 1, 5, 41, 0, '吸取对方当前20%的HP，不能对怪物BOSS使用', '2018-04-18 16:47:23'),
(20123, '成品号', 41451, '苹果专区', 150, 17, '无绑定账号', 0, 3, 38, 1, '物理攻击敌人，并减少对方和HP损失相同的MP', '2018-04-18 16:47:23'),
(20124, '装备专区', 9966, '苹果安卓互通区', 99, 52, '手机账号', 1, 7, 25, 1, '狂性大发，可以连续攻击两次', '2018-04-18 16:47:23'),
(20125, '宠物专区', 9208, '安卓官服', 155, 58, '有绑定账号', 1, 5, 12, 1, '全体队友速度上升，效果持续到战斗结束', '2018-04-18 16:47:23'),
(20126, '成品号', 43264, '安卓官服', 63, 62, '手机账号', 0, 9, 44, 1, '减少敌方单人当前20%的MP', '2018-04-18 16:47:23'),
(20127, '装备专区', 35174, '苹果安卓互通区', 51, 49, '无绑定账号', 0, 7, 75, 1, '解除全体队友的各种异常状态，并恢复每人15%的气血', '2018-04-18 16:47:23'),
(20128, '金币号', 43059, '苹果安卓互通区', 138, 40, '手机账号', 1, 2, 45, 1, '和对方交换状态，HP、MP、异常状态、辅助状态等，只能对玩家使用，使用时有一定几率失败。使用后需要休息1回合，如果自身气血低于20%，或对方气血在80%上时不能使用', '2018-04-18 16:47:23'),
(20129, '宠物专区', 21238, '苹果安卓互通区', 96, 69, '有绑定账号', 0, 2, 50, 0, '复活并恢复HP150点，只能对倒地状态的人物使用', '2018-04-18 16:47:23'),
(20130, '宠物专区', 36366, '安卓官服', 56, 40, '签合同账号', 0, 5, 24, 0, '恢复自身1/2的气血（最高不超过人物等级×20）', '2018-04-18 16:47:23'),
(20131, '装备专区', 28542, '安卓官服', 143, 34, '签合同账号', 1, 3, 9, 0, '吸取对方当前20%的HP，不能对怪物BOSS使用', '2018-04-18 16:47:23'),
(20132, '装备专区', 27451, '苹果专区', 115, 58, '手机账号', 0, 1, 29, 0, '解除全体队友的各种异常状态', '2018-04-18 16:47:23'),
(20133, '装备专区', 4475, '苹果专区', 127, 22, '有绑定账号', 0, 3, 72, 0, '减少对方HP，最小伤害为50', '2018-04-18 16:47:23'),
(20134, '成品号', 43331, '苹果安卓互通区', 48, 36, '无绑定账号', 0, 8, 57, 0, '给目标在接下来的回合中提升20%的速度，持续3回合。', '2018-04-18 16:47:23'),
(20135, '成品号', 10180, '苹果专区', 63, 57, '有绑定账号', 1, 6, 13, 0, '物理攻击敌人，并减少对方和HP损失相同的MP', '2018-04-18 16:47:23'),
(20136, '装备专区', 42770, '苹果专区', 152, 79, '无绑定账号', 0, 2, 54, 0, '全体队友速度上升，效果持续到战斗结束', '2018-04-18 16:47:23'),
(20137, '宠物专区', 38546, '安卓官服', 46, 108, '有绑定账号', 0, 5, 53, 0, '减少对方一定量的HP及MP，效果受对方魔法属性影响', '2018-04-18 16:47:23'),
(20138, '成品号', 7283, '苹果专区', 159, 20, '手机账号', 0, 9, 17, 1, '受到的法术伤害减半，效果为3回合', '2018-04-18 16:47:23'),
(20139, '宠物专区', 14212, '安卓官服', 92, 89, '无绑定账号', 1, 5, 64, 0, '解除各种异常状态，如被封物理、魔法、中毒、混乱等', '2018-04-18 16:47:23'),
(20140, '宠物专区', 32139, '安卓官服', 45, 75, '无绑定账号', 0, 4, 93, 0, '解除各种异常状态，如被封物理、魔法、中毒、混乱等', '2018-04-18 16:47:23'),
(20141, '宠物专区', 21072, '苹果专区', 135, 79, '无绑定账号', 1, 7, 67, 1, '恢复（上限9%+600）的气血，对单人使用', '2018-04-18 16:47:23'),
(20142, '装备专区', 7850, '苹果专区', 27, 75, '手机账号', 1, 4, 80, 0, '全体队友速度上升，效果持续到战斗结束', '2018-04-18 16:47:23'),
(20143, '装备专区', 29264, '苹果专区', 29, 103, '无绑定账号', 0, 7, 35, 1, '令敌全体队员各有一定几率处于某种异常状态', '2018-04-18 16:47:23'),
(20144, '金币号', 29684, '苹果专区', 79, 18, '签合同账号', 1, 3, 23, 0, '一定几率令对手在5回合内使用法术和特技的消耗增加。', '2018-04-18 16:47:23'),
(20145, '宠物专区', 31681, '苹果专区', 31, 19, '有绑定账号', 0, 5, 90, 1, '提升队友的速度，效果持续到战斗结束', '2018-04-18 16:47:23'),
(20146, '成品号', 33655, '安卓官服', 96, 64, '无绑定账号', 1, 8, 19, 1, '降低敌方全体的速度，效果持续到战斗结束', '2018-04-18 16:47:23'),
(20147, '宠物专区', 43961, '苹果专区', 157, 71, '签合同账号', 0, 9, 3, 1, '一定几率令对手在5回合内使用法术和特技的消耗增加。', '2018-04-18 16:47:23'),
(20148, '宠物专区', 24029, '苹果专区', 51, 101, '手机账号', 1, 6, 17, 1, '降低敌人的物理伤害力，效果持续到战斗结束', '2018-04-18 16:47:23'),
(20149, '装备专区', 13496, '安卓官服', 16, 9, '签合同账号', 0, 8, 96, 1, '降低敌人的物理伤害力，效果持续到战斗结束', '2018-04-18 16:47:23'),
(20150, '金币号', 27823, '苹果专区', 1, 70, '手机账号', 0, 3, 12, 0, '减少对方全体一定量的HP及MP，效果受对方魔法属性影响', '2018-04-18 16:47:23'),
(20151, '宠物专区', 46927, '苹果安卓互通区', 111, 76, '有绑定账号', 1, 9, 42, 0, '受到伤害时，将伤害的一半反作用给对方（作用于多人的法术除外），效果为5回合（每次反弹不超过人物等级×8）', '2018-04-18 16:47:23'),
(20152, '装备专区', 3801, '安卓官服', 83, 77, '签合同账号', 1, 2, 51, 1, '降低敌人的物理防御力，效果持续到战斗结束', '2018-04-18 16:47:23'),
(20153, '宠物专区', 46144, '苹果专区', 51, 22, '有绑定账号', 1, 3, 61, 1, '复活并恢复HP150点，只能对倒地状态的人物使用', '2018-04-18 16:47:23'),
(20154, '宠物专区', 24479, '苹果安卓互通区', 27, 64, '有绑定账号', 0, 3, 31, 1, '降低敌方全体的速度，效果持续到战斗结束', '2018-04-18 16:47:23'),
(20155, '装备专区', 26787, '苹果专区', 14, 91, '无绑定账号', 0, 5, 27, 1, '恢复（上限6%+400）的气血，对单人使用', '2018-04-18 16:47:23'),
(20156, '装备专区', 3123, '安卓官服', 133, 28, '有绑定账号', 1, 8, 100, 0, '复活并恢复HP150点，只能对倒地状态的人物使用', '2018-04-18 16:47:23'),
(20157, '金币号', 27248, '安卓官服', 95, 32, '手机账号', 1, 7, 60, 1, '恢复自身一定的MP，效果受自己的魔法上限影响', '2018-04-18 16:47:23'),
(20158, '金币号', 12249, '苹果专区', 132, 20, '手机账号', 1, 6, 53, 1, '给目标在接下来的回合中提升20%的速度，持续3回合。', '2018-04-18 16:47:23'),
(20159, '金币号', 17667, '苹果安卓互通区', 148, 88, '无绑定账号', 1, 5, 33, 1, '减少对方一定量的HP及MP，效果受对方魔法属性影响', '2018-04-18 16:47:23'),
(20160, '装备专区', 10621, '苹果专区', 162, 37, '无绑定账号', 0, 2, 38, 1, '恢复自身1/4的气血（最高不超过人物等级×12）', '2018-04-18 16:47:23'),
(20161, '成品号', 36435, '苹果专区', 107, 9, '有绑定账号', 1, 8, 67, 1, '给己方所有目标增加一个临时屏障，可抵御目标等级×5伤害，持续2个回合。（即笼罩该状态的目标在回合内所受的伤害会先被抵挡，回合到或抵挡伤害上限到则状态消失。）', '2018-04-18 16:47:23'),
(20162, '成品号', 25257, '苹果安卓互通区', 115, 20, '无绑定账号', 1, 2, 52, 1, '全体队友受到的法术伤害减半，效果为3回合', '2018-04-18 16:47:23'),
(20163, '金币号', 8191, '苹果安卓互通区', 149, 39, '签合同账号', 0, 4, 35, 1, '提升队友的伤害力，效果持续到战斗结束', '2018-04-18 16:47:23'),
(20164, '宠物专区', 14920, '苹果安卓互通区', 129, 75, '有绑定账号', 0, 9, 42, 0, '复活并恢复HP150点，只能对倒地状态的人物使用', '2018-04-18 16:47:23'),
(20165, '装备专区', 16828, '苹果安卓互通区', 47, 37, '有绑定账号', 1, 3, 58, 1, '物理攻击敌人，并减少对方和HP损失相同的MP', '2018-04-18 16:47:23'),
(20166, '成品号', 6628, '苹果安卓互通区', 97, 35, '无绑定账号', 0, 5, 4, 0, '减少敌单体同等于自己“魔力”属性的HP及MP。', '2018-04-18 16:47:23'),
(20167, '宠物专区', 32486, '安卓官服', 139, 27, '无绑定账号', 1, 2, 8, 1, '降低敌方全体的速度，效果持续到战斗结束', '2018-04-18 16:47:23'),
(20168, '装备专区', 4645, '苹果专区', 155, 7, '有绑定账号', 0, 1, 85, 1, '恢复（上限6%+400）的气血，对单人使用', '2018-04-18 16:47:23'),
(20169, '宠物专区', 2554, '苹果专区', 37, 88, '有绑定账号', 0, 1, 7, 1, '减少敌单体同等于自己“魔力”属性的HP及MP。', '2018-04-18 16:47:23'),
(20170, '装备专区', 35988, '苹果安卓互通区', 36, 40, '签合同账号', 1, 5, 83, 0, '恢复全体队友1/4的气血（最高不超过被恢复人的等级×12），对有低级鬼魂术的召唤兽无效', '2018-04-18 16:47:23'),
(20171, '成品号', 33675, '苹果专区', 78, 25, '签合同账号', 1, 5, 27, 0, '解除全体队友的各种异常状态，并恢复每人15%的气血', '2018-04-18 16:47:23'),
(20172, '成品号', 13921, '苹果安卓互通区', 39, 23, '手机账号', 0, 2, 43, 0, '5回合内敌人对自己使用的法术有一定几率失效', '2018-04-18 16:47:23'),
(20173, '宠物专区', 27737, '苹果专区', 35, 25, '无绑定账号', 0, 6, 90, 0, '全体队友受到的法术伤害减半，效果为3回合', '2018-04-18 16:47:23'),
(20174, '金币号', 10960, '安卓官服', 56, 6, '有绑定账号', 1, 8, 64, 1, '令敌全体队员各有一定几率处于某种异常状态', '2018-04-18 16:47:23'),
(20175, '金币号', 45883, '苹果专区', 85, 4, '签合同账号', 1, 2, 68, 0, '恢复（上限9%+600）的气血，对单人使用', '2018-04-18 16:47:23'),
(20176, '宠物专区', 31372, '苹果专区', 62, 97, '无绑定账号', 1, 9, 91, 1, '减少敌方单人70点愤怒值', '2018-04-18 16:47:23'),
(20177, '装备专区', 35502, '安卓官服', 1, 41, '有绑定账号', 0, 9, 82, 0, '给己方指定目标笼罩一个可抵御目标等级×6伤害的护甲，持续2个回合。（即笼罩该状态的目标在回合内所受的伤害会先被抵挡，回合到或抵挡伤害上限到则状态消失。）', '2018-04-18 16:47:23'),
(20178, '宠物专区', 11171, '苹果安卓互通区', 114, 16, '无绑定账号', 1, 3, 22, 1, '减少对方HP，最小伤害为50', '2018-04-18 16:47:23'),
(20179, '宠物专区', 12235, '苹果专区', 122, 48, '手机账号', 1, 8, 4, 0, '减少对方全体一定量的HP及MP，效果受对方魔法属性影响', '2018-04-18 16:47:23'),
(20180, '金币号', 45625, '苹果专区', 24, 91, '无绑定账号', 1, 3, 4, 0, '复活并恢复1/2的气血（最高不超过人物等级×20），只能对倒地状态的人物使用', '2018-04-18 16:47:23'),
(20181, '宠物专区', 14473, '苹果安卓互通区', 58, 107, '签合同账号', 1, 7, 57, 0, '减少敌方单人70点愤怒值', '2018-04-18 16:47:23'),
(20182, '成品号', 25246, '苹果专区', 10, 42, '无绑定账号', 1, 6, 33, 1, '降低敌人的物理伤害力，效果持续到战斗结束', '2018-04-18 16:47:23'),
(20183, '金币号', 12357, '苹果安卓互通区', 148, 19, '签合同账号', 1, 3, 12, 1, '恢复自身大量的MP，效果受自己的魔法上限影响', '2018-04-18 16:47:23'),
(20184, '装备专区', 45302, '苹果安卓互通区', 46, 87, '签合同账号', 1, 8, 57, 1, '给己方指定目标回复20%上限的MP。最高不超过目标等级*8。', '2018-04-18 16:47:23'),
(20185, '金币号', 44278, '苹果安卓互通区', 2, 86, '有绑定账号', 0, 6, 91, 0, '恢复自身1/2的气血（最高不超过人物等级×20）', '2018-04-18 16:47:23'),
(20186, '成品号', 41809, '安卓官服', 25, 57, '无绑定账号', 1, 6, 72, 1, '恢复（上限9%+600）的气血，对单人使用', '2018-04-18 16:47:23'),
(20187, '宠物专区', 34874, '安卓官服', 121, 0, '手机账号', 0, 3, 66, 0, '抵御一切异常类、辅助类附加效果，效果持续四回合', '2018-04-18 16:47:23'),
(20188, '成品号', 19031, '安卓官服', 86, 59, '签合同账号', 1, 4, 24, 0, '解除各种异常状态，并恢复1/4的气血（最高不超过人物等级×12）', '2018-04-18 16:47:23'),
(20189, '宠物专区', 22538, '苹果专区', 116, 61, '有绑定账号', 0, 5, 58, 1, '解除全体队友的各种异常状态', '2018-04-18 16:47:23'),
(20190, '宠物专区', 3984, '安卓官服', 121, 34, '签合同账号', 0, 9, 12, 0, '恢复（上限9%+600）的气血，对单人使用', '2018-04-18 16:47:23'),
(20191, '宠物专区', 22910, '安卓官服', 2, 72, '手机账号', 1, 6, 40, 1, '减少对方一定量的HP及MP，效果受对方魔法属性影响', '2018-04-18 16:47:23'),
(20192, '金币号', 46436, '苹果安卓互通区', 105, 88, '签合同账号', 0, 6, 82, 0, '抵御一切异常类、辅助类附加效果，效果持续四回合', '2018-04-18 16:47:23'),
(20193, '金币号', 28881, '苹果专区', 37, 4, '无绑定账号', 0, 9, 34, 1, '全体队友伤害力上升，效果持续到战斗结束', '2018-04-18 16:47:23'),
(20194, '装备专区', 36899, '苹果安卓互通区', 93, 54, '无绑定账号', 0, 4, 30, 1, '减少敌方单人当前20%的MP', '2018-04-18 16:47:23'),
(20195, '成品号', 10591, '安卓官服', 75, 99, '无绑定账号', 1, 1, 11, 0, '降低敌方全体的伤害力，效果持续到战斗结束', '2018-04-18 16:47:23'),
(20196, '金币号', 25140, '安卓官服', 61, 37, '签合同账号', 0, 4, 4, 0, '降低敌人的速度，效果持续到战斗结束', '2018-04-18 16:47:23'),
(20197, '成品号', 6431, '苹果安卓互通区', 48, 107, '无绑定账号', 1, 9, 94, 1, '解除全体队友的各种异常状态，并恢复每人15%的气血', '2018-04-18 16:47:23'),
(20198, '金币号', 38176, '安卓官服', 65, 90, '有绑定账号', 0, 7, 100, 1, '全体队友受到的法术伤害减半，效果为3回合', '2018-04-18 16:47:23'),
(20199, '金币号', 32042, '安卓官服', 135, 53, '手机账号', 1, 3, 53, 0, '减少敌全体同等于自己“魔力”属性/3的HP及MP。', '2018-04-18 16:47:23'),
(20200, '宠物专区', 34771, '苹果专区', 78, 99, '无绑定账号', 1, 5, 66, 0, '恢复全体队友1/4的气血（最高不超过被恢复人的等级×12），对有低级鬼魂术的召唤兽无效', '2018-04-18 16:47:23'),
(20201, '宠物专区', 34813, '安卓官服', 108, 14, '签合同账号', 0, 1, 12, 0, '吸取对方当前30%的MP，不能对怪物BOSS使用', '2018-04-18 16:47:23'),
(20202, '金币号', 41942, '苹果专区', 156, 6, '手机账号', 1, 6, 98, 0, '全体队友伤害力上升，效果持续到战斗结束', '2018-04-18 16:47:23'),
(20203, '金币号', 30386, '苹果专区', 144, 16, '无绑定账号', 0, 9, 41, 0, '令敌全体队员各有一定几率处于某种异常状态', '2018-04-18 16:47:23'),
(20204, '宠物专区', 18453, '苹果安卓互通区', 113, 26, '签合同账号', 0, 5, 43, 0, '减少敌方单人当前20%的MP', '2018-04-18 16:47:23'),
(20205, '装备专区', 11652, '苹果安卓互通区', 15, 27, '手机账号', 1, 2, 64, 0, '提升队友的防御力，效果持续到战斗结束', '2018-04-18 16:47:23'),
(20206, '装备专区', 36821, '安卓官服', 3, 102, '有绑定账号', 1, 8, 98, 0, '可以攻击对方多人，最小伤害为50', '2018-04-18 16:47:24'),
(20207, '宠物专区', 39751, '苹果专区', 61, 71, '无绑定账号', 0, 1, 50, 0, '减少对方全体一定量的HP及MP，效果受对方力量属性影响', '2018-04-18 16:47:24'),
(20208, '宠物专区', 10310, '苹果安卓互通区', 127, 11, '手机账号', 1, 2, 10, 0, '减少对方一定量的HP及MP，效果受自己力量属性影响', '2018-04-18 16:47:24'),
(20209, '金币号', 16573, '苹果专区', 53, 8, '签合同账号', 1, 8, 24, 1, '恢复自身大量的MP，效果受自己的魔法上限影响', '2018-04-18 16:47:24'),
(20210, '成品号', 11438, '安卓官服', 52, 23, '签合同账号', 1, 3, 75, 1, '解除全体队友的各种异常状态，并恢复每人15%的气血', '2018-04-18 16:47:24'),
(20211, '金币号', 3259, '安卓官服', 7, 81, '手机账号', 1, 2, 56, 0, '减少对方HP，最小伤害为50', '2018-04-18 16:47:24'),
(20212, '成品号', 44469, '苹果专区', 78, 25, '有绑定账号', 0, 5, 41, 1, '全体队友伤害力上升，效果持续到战斗结束', '2018-04-18 16:47:24'),
(20213, '成品号', 38201, '安卓官服', 18, 39, '无绑定账号', 0, 1, 68, 1, '降低敌人的速度，效果持续到战斗结束', '2018-04-18 16:47:24'),
(20214, '成品号', 45419, '安卓官服', 99, 70, '有绑定账号', 0, 6, 5, 0, '减少对方一定量的HP及MP，效果受自己力量属性影响', '2018-04-18 16:47:24'),
(20215, '宠物专区', 46038, '安卓官服', 103, 17, '无绑定账号', 1, 1, 32, 0, '解除各种异常状态，并恢复1/4的气血（最高不超过人物等级×12）', '2018-04-18 16:47:24'),
(20216, '成品号', 18553, '苹果安卓互通区', 89, 42, '有绑定账号', 1, 9, 13, 1, '减少对方全体一定量的HP及MP，效果受对方魔法属性影响', '2018-04-18 16:47:24'),
(20217, '装备专区', 19661, '苹果安卓互通区', 33, 94, '手机账号', 0, 4, 70, 1, '降低敌人的速度，效果持续到战斗结束', '2018-04-18 16:47:24'),
(20218, '装备专区', 36388, '安卓官服', 105, 105, '手机账号', 0, 5, 62, 0, '给己方所有目标增加一个临时屏障，可抵御目标等级×5伤害，持续2个回合。（即笼罩该状态的目标在回合内所受的伤害会先被抵挡，回合到或抵挡伤害上限到则状态消失。）', '2018-04-18 16:47:24'),
(20219, '宠物专区', 20211, '安卓官服', 147, 73, '手机账号', 1, 6, 54, 0, '复活并恢复HP150点，只能对倒地状态的人物使用', '2018-04-18 16:47:24'),
(20220, '成品号', 12188, '苹果专区', 120, 35, '签合同账号', 1, 4, 99, 1, '减少对方全体一定量的HP及MP，效果受对方魔法属性影响', '2018-04-18 16:47:24'),
(20221, '成品号', 40579, '安卓官服', 56, 35, '手机账号', 1, 7, 6, 0, '和对方交换状态，HP、MP、异常状态、辅助状态等，只能对玩家使用，使用时有一定几率失败。使用后需要休息1回合，如果自身气血低于20%，或对方气血在80%上时不能使用', '2018-04-18 16:47:24'),
(20222, '装备专区', 18470, '苹果专区', 28, 102, '签合同账号', 1, 7, 21, 0, '可以攻击对方多人，最小伤害为50', '2018-04-18 16:47:24'),
(20223, '金币号', 5403, '安卓官服', 99, 1, '有绑定账号', 0, 4, 98, 1, '解除全体队友的各种异常状态', '2018-04-18 16:47:24'),
(20224, '金币号', 13998, '苹果专区', 128, 84, '有绑定账号', 1, 6, 75, 0, '恢复自身一定的MP，效果受自己的魔法上限影响', '2018-04-18 16:47:24'),
(20225, '装备专区', 44078, '安卓官服', 48, 53, '有绑定账号', 1, 6, 51, 0, '解除各种异常状态，如被封物理、魔法、中毒、混乱等', '2018-04-18 16:47:24'),
(20226, '装备专区', 25790, '苹果专区', 152, 33, '有绑定账号', 0, 1, 58, 0, '降低敌方全体的速度，效果持续到战斗结束', '2018-04-18 16:47:24'),
(20227, '装备专区', 35741, '苹果安卓互通区', 81, 104, '无绑定账号', 0, 2, 38, 1, '解除各种异常状态，并恢复1/4的气血（最高不超过人物等级×12）', '2018-04-18 16:47:24'),
(20228, '金币号', 12610, '安卓官服', 75, 54, '手机账号', 0, 4, 16, 1, '5回合内敌人对自己使用的法术有一定几率失效', '2018-04-18 16:47:24'),
(20229, '宠物专区', 18783, '安卓官服', 130, 13, '无绑定账号', 0, 1, 79, 0, '减少敌方单人当前20%的MP', '2018-04-18 16:47:24'),
(20230, '成品号', 46974, '安卓官服', 114, 90, '无绑定账号', 0, 3, 47, 0, '受到伤害时，将伤害的一半反作用给对方（作用于多人的法术除外），效果为5回合（每次反弹不超过人物等级×8）', '2018-04-18 16:47:24'),
(20231, '宠物专区', 8847, '苹果专区', 50, 23, '有绑定账号', 1, 8, 48, 1, '抵御一切异常类、辅助类附加效果，效果持续四回合', '2018-04-18 16:47:24'),
(20232, '金币号', 42148, '苹果安卓互通区', 81, 27, '有绑定账号', 0, 3, 97, 0, '减少对方全体一定量的HP及MP，效果受对方魔法属性影响', '2018-04-18 16:47:24'),
(20233, '装备专区', 44322, '苹果专区', 99, 105, '无绑定账号', 0, 6, 66, 1, '和对方交换状态，HP、MP、异常状态、辅助状态等，只能对玩家使用，使用时有一定几率失败。使用后需要休息1回合，如果自身气血低于20%，或对方气血在80%上时不能使用', '2018-04-18 16:47:24'),
(20234, '装备专区', 25146, '苹果安卓互通区', 33, 26, '签合同账号', 0, 2, 63, 0, '恢复（上限9%+600）的气血，对单人使用', '2018-04-18 16:47:24'),
(20235, '金币号', 4348, '苹果安卓互通区', 130, 62, '无绑定账号', 0, 1, 5, 1, '复活所有队友并恢复全部气血，使用后自己的气血及气血上限将变为最大气血的10%，魔法变为0，不能复活鬼魂类的召唤兽', '2018-04-18 16:47:24'),
(20236, '宠物专区', 45736, '苹果专区', 106, 84, '手机账号', 1, 3, 93, 0, '降低敌人的速度，效果持续到战斗结束', '2018-04-18 16:47:24'),
(20237, '金币号', 18317, '安卓官服', 77, 83, '手机账号', 1, 1, 87, 0, '减少对方一定量的HP及MP，效果受自己力量属性影响', '2018-04-18 16:47:24'),
(20238, '成品号', 39931, '苹果安卓互通区', 32, 33, '无绑定账号', 1, 4, 82, 1, '恢复自身大量的MP，效果受自己的魔法上限影响', '2018-04-18 16:47:24'),
(20239, '金币号', 10868, '苹果专区', 118, 83, '签合同账号', 1, 5, 83, 1, '恢复（上限9%+600）的气血，对单人使用', '2018-04-18 16:47:24'),
(20240, '成品号', 11999, '苹果安卓互通区', 110, 89, '签合同账号', 1, 9, 78, 1, '减少对方全体一定量的HP及MP，效果受对方魔法属性影响', '2018-04-18 16:47:24'),
(20241, '宠物专区', 20394, '苹果专区', 24, 30, '手机账号', 0, 3, 16, 0, '吸取对方当前30%的MP，不能对怪物BOSS使用', '2018-04-18 16:47:24'),
(20242, '宠物专区', 34455, '安卓官服', 71, 84, '签合同账号', 1, 7, 78, 1, '提升队友的伤害力，效果持续到战斗结束', '2018-04-18 16:47:24'),
(20243, '宠物专区', 17034, '安卓官服', 134, 58, '有绑定账号', 0, 1, 57, 1, '恢复自身1/2的气血（最高不超过人物等级×20）', '2018-04-18 16:47:24'),
(20244, '成品号', 20564, '苹果专区', 51, 15, '签合同账号', 1, 2, 29, 1, '恢复（上限3%+200）的气血，对单人使用', '2018-04-18 16:47:24'),
(20245, '成品号', 39179, '苹果安卓互通区', 60, 27, '无绑定账号', 1, 9, 29, 0, '全体队友伤害力上升，效果持续到战斗结束', '2018-04-18 16:47:24'),
(20246, '金币号', 42842, '苹果专区', 108, 42, '签合同账号', 1, 9, 27, 1, '降低敌人的物理防御力，效果持续到战斗结束', '2018-04-18 16:47:24'),
(20247, '金币号', 11468, '苹果安卓互通区', 139, 70, '手机账号', 0, 4, 2, 1, '抵御一切异常类、辅助类附加效果，效果持续四回合', '2018-04-18 16:47:24'),
(20248, '宠物专区', 14554, '苹果专区', 52, 52, '有绑定账号', 0, 6, 19, 0, '恢复自身1/4的气血（最高不超过人物等级×12）', '2018-04-18 16:47:24'),
(20249, '宠物专区', 17795, '苹果专区', 145, 47, '有绑定账号', 1, 7, 100, 1, '降低敌方全体的物理防御力，效果持续到战斗结束', '2018-04-18 16:47:24'),
(20250, '装备专区', 8216, '苹果安卓互通区', 103, 98, '手机账号', 1, 8, 2, 0, '全体队友受到的法术伤害减半，效果为3回合', '2018-04-18 16:47:24'),
(20251, '宠物专区', 28298, '苹果安卓互通区', 93, 92, '无绑定账号', 0, 3, 93, 0, '减少敌全体同等于自己“魔力”属性/3的HP及MP。', '2018-04-18 16:47:24'),
(20252, '成品号', 28095, '苹果专区', 73, 65, '有绑定账号', 0, 9, 24, 1, '减少对方全体一定量的HP及MP，效果受对方力量属性影响', '2018-04-18 16:47:24'),
(20253, '金币号', 35868, '苹果专区', 78, 64, '有绑定账号', 0, 4, 5, 0, '恢复（上限6%+400）的气血，对单人使用', '2018-04-18 16:47:24'),
(20254, '宠物专区', 10205, '苹果专区', 16, 6, '无绑定账号', 1, 9, 80, 1, '抵御一切异常类、辅助类附加效果，效果持续四回合', '2018-04-18 16:47:24'),
(20255, '装备专区', 10646, '苹果专区', 116, 96, '签合同账号', 0, 5, 6, 1, '解除全体队友的各种异常状态', '2018-04-18 16:47:24'),
(20256, '宠物专区', 4312, '苹果安卓互通区', 71, 26, '无绑定账号', 1, 2, 19, 0, '令敌全体队员各有一定几率处于某种异常状态', '2018-04-18 16:47:24'),
(20257, '金币号', 36524, '安卓官服', 140, 48, '无绑定账号', 1, 8, 18, 0, '降低敌方全体的伤害力，效果持续到战斗结束', '2018-04-18 16:47:24'),
(20258, '宠物专区', 37432, '苹果专区', 131, 67, '无绑定账号', 1, 3, 36, 0, '受到的法术伤害减半，效果为3回合', '2018-04-18 16:47:24'),
(20259, '成品号', 38140, '安卓官服', 6, 54, '手机账号', 1, 8, 14, 0, '提升队友的速度，效果持续到战斗结束', '2018-04-18 16:47:24'),
(20260, '装备专区', 22830, '苹果安卓互通区', 8, 16, '签合同账号', 1, 8, 79, 1, '给己方全体单位回复20%上限的MP。最高不超过目标等级*8。', '2018-04-18 16:47:24'),
(20261, '成品号', 8386, '安卓官服', 131, 83, '签合同账号', 1, 6, 15, 0, '令敌全体队员各有一定几率处于某种异常状态', '2018-04-18 16:47:24'),
(20262, '成品号', 33022, '苹果专区', 82, 35, '有绑定账号', 0, 5, 44, 1, '给己方指定目标笼罩一个可抵御目标等级×6伤害的护甲，持续2个回合。（即笼罩该状态的目标在回合内所受的伤害会先被抵挡，回合到或抵挡伤害上限到则状态消失。）', '2018-04-18 16:47:24'),
(20263, '金币号', 8402, '苹果安卓互通区', 46, 49, '手机账号', 0, 8, 93, 1, '解除各种异常状态，并恢复1/4的气血（最高不超过人物等级×12）', '2018-04-18 16:47:24'),
(20264, '金币号', 26773, '苹果专区', 4, 9, '无绑定账号', 1, 7, 78, 0, '复活所有队友并恢复全部气血，使用后自己的气血及气血上限将变为最大气血的10%，魔法变为0，不能复活鬼魂类的召唤兽', '2018-04-18 16:47:24'),
(20265, '金币号', 31081, '安卓官服', 9, 31, '手机账号', 0, 6, 71, 1, '降低敌方全体的速度，效果持续到战斗结束', '2018-04-18 16:47:24'),
(20266, '金币号', 31100, '苹果专区', 153, 101, '有绑定账号', 0, 3, 79, 0, '解除全体队友的各种异常状态，并恢复每人15%的气血', '2018-04-18 16:47:24'),
(20267, '金币号', 46561, '苹果专区', 35, 53, '有绑定账号', 1, 5, 19, 1, '全体队友速度上升，效果持续到战斗结束', '2018-04-18 16:47:24'),
(20268, '金币号', 4767, '苹果安卓互通区', 19, 88, '签合同账号', 1, 6, 93, 0, '全体队友物理防御力上升，效果持续到战斗结束', '2018-04-18 16:47:24'),
(20269, '成品号', 47733, '苹果专区', 58, 85, '无绑定账号', 0, 6, 60, 0, '吸取对方当前30%的MP，不能对怪物BOSS使用', '2018-04-18 16:47:24'),
(20270, '成品号', 20291, '苹果安卓互通区', 142, 19, '有绑定账号', 0, 4, 16, 0, '减少敌全体同等于自己“魔力”属性/3的HP及MP。', '2018-04-18 16:47:24'),
(20271, '装备专区', 4737, '安卓官服', 93, 40, '签合同账号', 0, 4, 66, 1, '减少对方全体一定量的HP及MP，效果受对方力量属性影响', '2018-04-18 16:47:24'),
(20272, '装备专区', 36438, '安卓官服', 12, 3, '有绑定账号', 1, 2, 97, 0, '解除全体队友的各种异常状态，并恢复每人15%的气血', '2018-04-18 16:47:24'),
(20273, '金币号', 46966, '苹果安卓互通区', 75, 107, '无绑定账号', 1, 2, 58, 1, '减少对方一定量的HP及MP，效果受自己力量属性影响', '2018-04-18 16:47:24'),
(20274, '宠物专区', 34722, '苹果专区', 8, 91, '有绑定账号', 0, 7, 31, 0, '给己方全体单位回复20%上限的MP。最高不超过目标等级*8。', '2018-04-18 16:47:24'),
(20275, '金币号', 8058, '苹果专区', 19, 91, '手机账号', 0, 4, 8, 1, '恢复（上限9%+600）的气血，对单人使用', '2018-04-18 16:47:24'),
(20276, '装备专区', 19408, '苹果专区', 106, 59, '签合同账号', 0, 3, 66, 0, '解除各种异常状态，如被封物理、魔法、中毒、混乱等', '2018-04-18 16:47:24'),
(20277, '宠物专区', 17406, '苹果安卓互通区', 20, 70, '有绑定账号', 1, 3, 39, 1, '以临时提高伤害力攻击对手,适于对付防御高者', '2018-04-18 16:47:24'),
(20278, '金币号', 17514, '安卓官服', 35, 69, '签合同账号', 1, 8, 98, 1, '令敌全体队员各有一定几率处于某种异常状态', '2018-04-18 16:47:24'),
(20279, '装备专区', 45150, '安卓官服', 95, 69, '手机账号', 1, 3, 22, 1, '减少敌全体同等于自己“魔力”属性/3的HP及MP。', '2018-04-18 16:47:24'),
(20280, '成品号', 33305, '苹果专区', 96, 8, '签合同账号', 1, 7, 75, 0, '减少敌全体同等于自己“魔力”属性/3的HP及MP。', '2018-04-18 16:47:24'),
(20281, '成品号', 38679, '苹果专区', 15, 56, '手机账号', 1, 5, 79, 1, '恢复（上限3%+200）的气血，对单人使用', '2018-04-18 16:47:24');
INSERT INTO `equipment` (`id`, `category`, `price`, `os`, `district`, `level`, `bind`, `sex`, `school`, `monster`, `discuss`, `note`, `updatetime`) VALUES
(20282, '宠物专区', 2795, '苹果安卓互通区', 21, 36, '无绑定账号', 0, 6, 93, 1, '提升队友的速度，效果持续到战斗结束', '2018-04-18 16:47:24'),
(20283, '宠物专区', 13635, '安卓官服', 119, 56, '无绑定账号', 1, 6, 82, 0, '减少敌方单人当前20%的HP', '2018-04-18 16:47:24'),
(20284, '宠物专区', 21252, '苹果安卓互通区', 106, 41, '无绑定账号', 1, 1, 99, 0, '提升队友的伤害力，效果持续到战斗结束', '2018-04-18 16:47:24'),
(20285, '装备专区', 8408, '安卓官服', 18, 38, '手机账号', 1, 6, 53, 1, '减少对方HP，最小伤害为50', '2018-04-18 16:47:24'),
(20286, '装备专区', 24690, '苹果安卓互通区', 86, 74, '无绑定账号', 0, 7, 90, 1, '受到伤害时，将伤害的一半反作用给对方（作用于多人的法术除外），效果为5回合（每次反弹不超过人物等级×8）', '2018-04-18 16:47:24'),
(20287, '宠物专区', 38640, '苹果专区', 51, 25, '签合同账号', 1, 3, 63, 1, '减少对方一定量的HP及MP，效果受对方魔法属性影响', '2018-04-18 16:47:24'),
(20288, '装备专区', 17375, '苹果专区', 95, 22, '手机账号', 0, 2, 12, 0, '恢复（上限6%+400）的气血，对单人使用', '2018-04-18 16:47:24'),
(20289, '金币号', 6220, '苹果安卓互通区', 151, 97, '无绑定账号', 0, 5, 35, 1, '提升队友的防御力，效果持续到战斗结束', '2018-04-18 16:47:24'),
(20290, '装备专区', 26323, '安卓官服', 28, 46, '手机账号', 1, 9, 64, 1, '减少对方全体一定量的HP及MP，效果受对方魔法属性影响', '2018-04-18 16:47:24'),
(20291, '装备专区', 17789, '苹果安卓互通区', 12, 59, '有绑定账号', 0, 9, 40, 1, '恢复自身大量的MP，效果受自己的魔法上限影响', '2018-04-18 16:47:24'),
(20292, '金币号', 10299, '苹果安卓互通区', 21, 33, '签合同账号', 0, 7, 91, 0, '抵御一切异常类、辅助类附加效果，效果持续四回合', '2018-04-18 16:47:24'),
(20293, '装备专区', 20739, '苹果专区', 51, 98, '签合同账号', 0, 7, 1, 0, '将自己受到的法术反作用给施法者（针对某些特殊情况下无效），效果持续两回合', '2018-04-18 16:47:24'),
(20294, '装备专区', 41820, '苹果专区', 131, 35, '无绑定账号', 0, 2, 90, 1, '给己方所有目标增加一个临时屏障，可抵御目标等级×5伤害，持续2个回合。（即笼罩该状态的目标在回合内所受的伤害会先被抵挡，回合到或抵挡伤害上限到则状态消失。）', '2018-04-18 16:47:24'),
(20295, '金币号', 30709, '安卓官服', 123, 19, '手机账号', 0, 5, 89, 1, '恢复自身大量的MP，效果受自己的魔法上限影响', '2018-04-18 16:47:24'),
(20296, '宠物专区', 34149, '苹果安卓互通区', 7, 47, '有绑定账号', 1, 5, 9, 0, '全体队友受到的法术伤害减半，效果为3回合', '2018-04-18 16:47:24'),
(20297, '宠物专区', 40590, '安卓官服', 162, 12, '手机账号', 0, 2, 25, 0, '将自己受到的法术反作用给施法者（针对某些特殊情况下无效），效果持续两回合', '2018-04-18 16:47:24'),
(20298, '金币号', 14304, '苹果安卓互通区', 30, 12, '手机账号', 1, 8, 44, 1, '减少敌单体同等于自己“魔力”属性的HP及MP。', '2018-04-18 16:47:24'),
(20299, '成品号', 20522, '安卓官服', 21, 100, '无绑定账号', 0, 5, 83, 1, '5回合内敌人对自己使用的法术有一定几率失效', '2018-04-18 16:47:24'),
(20300, '成品号', 32050, '苹果专区', 12, 36, '手机账号', 0, 4, 42, 1, '吸取对方当前30%的MP，不能对怪物BOSS使用', '2018-04-18 16:47:24'),
(20301, '装备专区', 8897, '苹果专区', 120, 31, '无绑定账号', 0, 5, 83, 1, '恢复自身一定的MP，效果受自己的魔法上限影响', '2018-04-18 16:47:24'),
(20302, '金币号', 23402, '安卓官服', 9, 60, '签合同账号', 1, 9, 100, 1, '全体队友伤害力上升，效果持续到战斗结束', '2018-04-18 16:47:24'),
(20303, '宠物专区', 21355, '苹果专区', 150, 52, '手机账号', 1, 8, 98, 0, '恢复（上限6%+400）的气血，对单人使用', '2018-04-18 16:47:24'),
(20304, '装备专区', 38126, '安卓官服', 157, 82, '手机账号', 0, 9, 65, 1, '解除全体队友的各种异常状态', '2018-04-18 16:47:24'),
(20305, '装备专区', 5286, '苹果专区', 46, 19, '无绑定账号', 1, 6, 50, 0, '全体队友伤害力上升，效果持续到战斗结束', '2018-04-18 16:47:24'),
(20306, '成品号', 12238, '苹果专区', 27, 43, '手机账号', 0, 2, 34, 1, '给己方指定目标笼罩一个可抵御目标等级×6伤害的护甲，持续2个回合。（即笼罩该状态的目标在回合内所受的伤害会先被抵挡，回合到或抵挡伤害上限到则状态消失。）', '2018-04-18 16:47:24'),
(20307, '装备专区', 21833, '苹果专区', 146, 68, '无绑定账号', 1, 3, 10, 0, '5回合内敌人对自己使用的法术有一定几率失效', '2018-04-18 16:47:24'),
(20308, '装备专区', 41003, '苹果安卓互通区', 79, 49, '有绑定账号', 0, 9, 53, 1, '复活所有队友并恢复全部气血，使用后自己的气血及气血上限将变为最大气血的10%，魔法变为0，不能复活鬼魂类的召唤兽', '2018-04-18 16:47:24'),
(20309, '装备专区', 18383, '苹果专区', 62, 58, '有绑定账号', 1, 1, 100, 0, '提升队友的速度，效果持续到战斗结束', '2018-04-18 16:47:24'),
(20310, '金币号', 14937, '安卓官服', 44, 41, '有绑定账号', 0, 3, 20, 0, '降低敌方全体的物理防御力，效果持续到战斗结束', '2018-04-18 16:47:24'),
(20311, '宠物专区', 10580, '苹果安卓互通区', 131, 12, '有绑定账号', 0, 5, 92, 0, '降低敌人的速度，效果持续到战斗结束', '2018-04-18 16:47:24'),
(20312, '装备专区', 29306, '安卓官服', 59, 18, '签合同账号', 0, 3, 81, 1, '提升队友的伤害力，效果持续到战斗结束', '2018-04-18 16:47:24'),
(20313, '宠物专区', 36813, '苹果安卓互通区', 127, 9, '有绑定账号', 0, 7, 9, 1, '给己方指定目标笼罩一个可抵御目标等级×6伤害的护甲，持续2个回合。（即笼罩该状态的目标在回合内所受的伤害会先被抵挡，回合到或抵挡伤害上限到则状态消失。）', '2018-04-18 16:47:24'),
(20314, '装备专区', 20125, '安卓官服', 19, 29, '无绑定账号', 1, 9, 33, 1, '复活所有队友并恢复全部气血，使用后自己的气血及气血上限将变为最大气血的10%，魔法变为0，不能复活鬼魂类的召唤兽', '2018-04-18 16:47:24'),
(20315, '装备专区', 21722, '苹果专区', 64, 75, '签合同账号', 1, 3, 21, 1, '恢复自身大量的MP，效果受自己的魔法上限影响', '2018-04-18 16:47:24'),
(20316, '宠物专区', 37160, '苹果专区', 59, 72, '手机账号', 0, 6, 24, 0, '全体队友物理防御力上升，效果持续到战斗结束', '2018-04-18 16:47:24'),
(20317, '装备专区', 3698, '苹果专区', 39, 67, '有绑定账号', 0, 4, 51, 1, '抵御一切异常类、辅助类附加效果，效果持续四回合', '2018-04-18 16:47:24'),
(20318, '装备专区', 16426, '苹果专区', 74, 88, '手机账号', 0, 1, 49, 0, '狂性大发，可以连续攻击两次', '2018-04-18 16:47:24'),
(20319, '成品号', 43883, '苹果安卓互通区', 67, 9, '有绑定账号', 1, 4, 71, 0, '物理攻击敌人，并减少对方和HP损失相同的MP', '2018-04-18 16:47:24'),
(20320, '宠物专区', 7689, '苹果专区', 38, 73, '有绑定账号', 0, 6, 56, 1, '减少对方一定量的HP及MP，效果受自己力量属性影响', '2018-04-18 16:47:24'),
(20321, '宠物专区', 44167, '苹果安卓互通区', 82, 92, '签合同账号', 1, 6, 2, 1, '物理攻击敌人，并减少对方和HP损失相同的MP', '2018-04-18 16:47:24'),
(20322, '装备专区', 37965, '安卓官服', 6, 80, '有绑定账号', 1, 2, 42, 1, '降低敌人的速度，效果持续到战斗结束', '2018-04-18 16:47:24'),
(20323, '宠物专区', 20189, '安卓官服', 99, 9, '签合同账号', 1, 6, 17, 0, '减少敌方单人当前20%的HP', '2018-04-18 16:47:24'),
(20324, '金币号', 20519, '安卓官服', 116, 105, '无绑定账号', 1, 2, 53, 0, '解除全体队友的各种异常状态，并恢复每人15%的气血', '2018-04-18 16:47:24'),
(20325, '装备专区', 10341, '苹果专区', 52, 58, '手机账号', 0, 3, 37, 0, '提升队友的防御力，效果持续到战斗结束', '2018-04-18 16:47:24'),
(20326, '金币号', 27867, '苹果安卓互通区', 99, 89, '有绑定账号', 1, 3, 87, 0, '降低敌人的物理伤害力，效果持续到战斗结束', '2018-04-18 16:47:24'),
(20327, '装备专区', 30264, '安卓官服', 119, 45, '签合同账号', 1, 5, 34, 1, '全体队友受到的法术伤害减半，效果为3回合', '2018-04-18 16:47:24'),
(20328, '装备专区', 18775, '苹果安卓互通区', 92, 30, '无绑定账号', 0, 9, 90, 1, '降低敌方全体的物理防御力，效果持续到战斗结束', '2018-04-18 16:47:24'),
(20329, '金币号', 27348, '苹果安卓互通区', 72, 48, '无绑定账号', 0, 2, 30, 0, '降低敌方全体的伤害力，效果持续到战斗结束', '2018-04-18 16:47:24'),
(20330, '装备专区', 20258, '苹果专区', 150, 87, '有绑定账号', 1, 9, 60, 0, '恢复全体队友1/4的气血（最高不超过被恢复人的等级×12），对有低级鬼魂术的召唤兽无效', '2018-04-18 16:47:24'),
(20331, '宠物专区', 17234, '苹果安卓互通区', 87, 91, '有绑定账号', 1, 1, 97, 1, '恢复（上限9%+600）的气血，对单人使用', '2018-04-18 16:47:24'),
(20332, '金币号', 36582, '苹果专区', 86, 39, '手机账号', 0, 7, 42, 0, '受到伤害时，将伤害的一半反作用给对方（作用于多人的法术除外），效果为5回合（每次反弹不超过人物等级×8）', '2018-04-18 16:47:24'),
(20333, '成品号', 38312, '安卓官服', 100, 33, '手机账号', 1, 1, 57, 0, '给己方指定目标笼罩一个可抵御目标等级×6伤害的护甲，持续2个回合。（即笼罩该状态的目标在回合内所受的伤害会先被抵挡，回合到或抵挡伤害上限到则状态消失。）', '2018-04-18 16:47:24'),
(20334, '成品号', 3762, '苹果专区', 119, 46, '无绑定账号', 0, 9, 35, 0, '解除全体队友的各种异常状态，并恢复每人15%的气血', '2018-04-18 16:47:24'),
(20335, '宠物专区', 15223, '安卓官服', 125, 8, '签合同账号', 0, 8, 81, 1, '减少对方全体一定量的HP及MP，效果受对方力量属性影响', '2018-04-18 16:47:24'),
(20336, '宠物专区', 17064, '苹果专区', 60, 106, '无绑定账号', 1, 2, 84, 1, '可以攻击对方多人，最小伤害为50', '2018-04-18 16:47:25'),
(20337, '装备专区', 31858, '苹果安卓互通区', 97, 96, '手机账号', 0, 5, 92, 1, '受到的法术伤害减半，效果为3回合', '2018-04-18 16:47:25'),
(20338, '宠物专区', 12504, '苹果安卓互通区', 127, 49, '无绑定账号', 0, 2, 87, 0, '降低敌方全体的物理防御力，效果持续到战斗结束', '2018-04-18 16:47:25'),
(20339, '宠物专区', 12857, '安卓官服', 31, 101, '有绑定账号', 1, 7, 61, 0, '全体队友速度上升，效果持续到战斗结束', '2018-04-18 16:47:25'),
(20340, '宠物专区', 39848, '苹果专区', 133, 93, '手机账号', 1, 2, 91, 0, '恢复（上限6%+400）的气血，对单人使用', '2018-04-18 16:47:25'),
(20341, '金币号', 42112, '苹果安卓互通区', 22, 100, '手机账号', 1, 4, 11, 1, '减少对方HP，最小伤害为50', '2018-04-18 16:47:25'),
(20342, '宠物专区', 35110, '苹果安卓互通区', 133, 69, '有绑定账号', 0, 2, 92, 1, '将自己受到的法术反作用给施法者（针对某些特殊情况下无效），效果持续两回合', '2018-04-18 16:47:25'),
(20343, '宠物专区', 44261, '安卓官服', 86, 10, '有绑定账号', 0, 4, 13, 0, '可以攻击对方多人，最小伤害为50', '2018-04-18 16:47:25'),
(20344, '装备专区', 2556, '安卓官服', 103, 83, '有绑定账号', 0, 4, 37, 0, '解除各种异常状态，如被封物理、魔法、中毒、混乱等', '2018-04-18 16:47:25'),
(20345, '宠物专区', 12196, '苹果安卓互通区', 158, 18, '签合同账号', 0, 5, 88, 0, '全体队友受到的法术伤害减半，效果为3回合', '2018-04-18 16:47:25'),
(20346, '装备专区', 14704, '安卓官服', 98, 77, '手机账号', 0, 8, 24, 1, '令敌全体队员各有一定几率处于某种异常状态', '2018-04-18 16:47:25'),
(20347, '成品号', 7058, '苹果安卓互通区', 90, 38, '签合同账号', 1, 6, 10, 1, '全体队友物理防御力上升，效果持续到战斗结束', '2018-04-18 16:47:25'),
(20348, '成品号', 30317, '安卓官服', 93, 47, '手机账号', 0, 6, 98, 0, '给目标在接下来的回合中提升20%的速度，持续3回合。', '2018-04-18 16:47:25'),
(20349, '金币号', 21738, '安卓官服', 141, 41, '手机账号', 0, 6, 99, 1, '5回合内敌人对自己使用的法术有一定几率失效', '2018-04-18 16:47:25'),
(20350, '宠物专区', 30911, '苹果安卓互通区', 143, 46, '有绑定账号', 1, 8, 58, 0, '减少敌方单人当前20%的HP', '2018-04-18 16:47:25'),
(20351, '成品号', 26376, '苹果安卓互通区', 2, 49, '有绑定账号', 0, 2, 28, 1, '解除全体队友的各种异常状态', '2018-04-18 16:47:25'),
(20352, '金币号', 20752, '安卓官服', 61, 70, '签合同账号', 1, 6, 49, 1, '给己方所有目标增加一个临时屏障，可抵御目标等级×5伤害，持续2个回合。（即笼罩该状态的目标在回合内所受的伤害会先被抵挡，回合到或抵挡伤害上限到则状态消失。）', '2018-04-18 16:47:25'),
(20353, '装备专区', 13862, '苹果专区', 93, 32, '无绑定账号', 0, 3, 19, 0, '降低敌方全体的物理防御力，效果持续到战斗结束', '2018-04-18 16:47:25'),
(20354, '宠物专区', 26857, '苹果安卓互通区', 65, 60, '签合同账号', 1, 9, 70, 1, '给己方全体单位回复20%上限的MP。最高不超过目标等级*8。', '2018-04-18 16:47:25'),
(20355, '宠物专区', 45339, '苹果安卓互通区', 105, 14, '手机账号', 0, 7, 43, 1, '减少敌单体同等于自己“魔力”属性的HP及MP。', '2018-04-18 16:47:25'),
(20356, '宠物专区', 7989, '安卓官服', 129, 12, '签合同账号', 0, 1, 65, 0, '复活并恢复1/2的气血（最高不超过人物等级×20），只能对倒地状态的人物使用', '2018-04-18 16:47:25'),
(20357, '宠物专区', 22694, '苹果安卓互通区', 134, 74, '手机账号', 1, 4, 22, 1, '全体队友物理防御力上升，效果持续到战斗结束', '2018-04-18 16:47:25'),
(20358, '装备专区', 36666, '苹果安卓互通区', 148, 89, '有绑定账号', 0, 9, 34, 1, '降低敌方全体的伤害力，效果持续到战斗结束', '2018-04-18 16:47:25'),
(20359, '装备专区', 7069, '苹果安卓互通区', 34, 16, '手机账号', 0, 1, 29, 0, '提升队友的伤害力，效果持续到战斗结束', '2018-04-18 16:47:25'),
(20360, '宠物专区', 26151, '安卓官服', 95, 67, '有绑定账号', 1, 7, 21, 0, '复活并恢复1/2的气血（最高不超过人物等级×20），只能对倒地状态的人物使用', '2018-04-18 16:47:25'),
(20361, '装备专区', 36857, '安卓官服', 63, 29, '有绑定账号', 0, 7, 84, 0, '减少对方全体一定量的HP及MP，效果受对方魔法属性影响', '2018-04-18 16:47:25'),
(20362, '金币号', 3462, '苹果安卓互通区', 27, 108, '手机账号', 0, 5, 25, 1, '抵御一切异常类、辅助类附加效果，效果持续四回合', '2018-04-18 16:47:25'),
(20363, '金币号', 36696, '安卓官服', 73, 27, '无绑定账号', 1, 1, 61, 0, '恢复自身1/4的气血（最高不超过人物等级×12）', '2018-04-18 16:47:25'),
(20364, '宠物专区', 18364, '安卓官服', 80, 97, '有绑定账号', 0, 5, 92, 1, '减少对方一定量的HP及MP，效果受自己力量属性影响', '2018-04-18 16:47:25'),
(20365, '金币号', 44978, '安卓官服', 162, 89, '手机账号', 1, 1, 80, 1, '全体队友物理防御力上升，效果持续到战斗结束', '2018-04-18 16:47:25'),
(20366, '成品号', 6872, '苹果安卓互通区', 147, 87, '签合同账号', 0, 5, 19, 1, '以临时提高伤害力攻击对手,适于对付防御高者', '2018-04-18 16:47:25'),
(20367, '宠物专区', 31842, '安卓官服', 20, 20, '手机账号', 1, 3, 14, 0, '恢复（上限6%+400）的气血，对单人使用', '2018-04-18 16:47:25'),
(20368, '装备专区', 18753, '苹果专区', 43, 75, '有绑定账号', 0, 9, 53, 1, '减少对方HP，最小伤害为50', '2018-04-18 16:47:25'),
(20369, '装备专区', 35680, '苹果安卓互通区', 68, 8, '有绑定账号', 1, 9, 84, 0, '恢复（上限6%+400）的气血，对单人使用', '2018-04-18 16:47:25'),
(20370, '宠物专区', 35521, '苹果专区', 145, 1, '有绑定账号', 0, 6, 90, 1, '以临时提高伤害力攻击对手,适于对付防御高者', '2018-04-18 16:47:25'),
(20371, '宠物专区', 26632, '安卓官服', 158, 78, '签合同账号', 0, 6, 63, 1, '复活所有队友并恢复全部气血，使用后自己的气血及气血上限将变为最大气血的10%，魔法变为0，不能复活鬼魂类的召唤兽', '2018-04-18 16:47:25'),
(20372, '装备专区', 15942, '苹果安卓互通区', 106, 83, '无绑定账号', 1, 8, 78, 0, '可以攻击对方多人，最小伤害为50', '2018-04-18 16:47:25'),
(20373, '宠物专区', 43089, '苹果专区', 63, 88, '手机账号', 0, 3, 72, 1, '受到伤害时，将伤害的一半反作用给对方（作用于多人的法术除外），效果为5回合（每次反弹不超过人物等级×8）', '2018-04-18 16:47:25'),
(20374, '宠物专区', 32533, '安卓官服', 142, 41, '签合同账号', 1, 5, 13, 0, '降低敌方全体的速度，效果持续到战斗结束', '2018-04-18 16:47:25'),
(20375, '装备专区', 9691, '安卓官服', 123, 63, '签合同账号', 0, 7, 83, 1, '提升队友的伤害力，效果持续到战斗结束', '2018-04-18 16:47:25'),
(20376, '宠物专区', 44058, '苹果安卓互通区', 66, 93, '有绑定账号', 1, 1, 43, 1, '降低敌人的物理防御力，效果持续到战斗结束', '2018-04-18 16:47:25'),
(20377, '装备专区', 10330, '安卓官服', 109, 81, '手机账号', 1, 8, 18, 0, '全体队友速度上升，效果持续到战斗结束', '2018-04-18 16:47:25'),
(20378, '成品号', 32033, '苹果安卓互通区', 97, 70, '手机账号', 1, 2, 64, 1, '减少敌方单人当前20%的HP', '2018-04-18 16:47:25'),
(20379, '装备专区', 15145, '苹果专区', 36, 57, '有绑定账号', 1, 4, 49, 1, '解除各种异常状态，并恢复1/4的气血（最高不超过人物等级×12）', '2018-04-18 16:47:25'),
(20380, '宠物专区', 46225, '苹果安卓互通区', 46, 78, '无绑定账号', 0, 2, 23, 0, '减少敌全体同等于自己“魔力”属性/3的HP及MP。', '2018-04-18 16:47:25'),
(20381, '成品号', 17028, '苹果专区', 162, 70, '有绑定账号', 0, 3, 98, 1, '吸取对方当前20%的HP，不能对怪物BOSS使用', '2018-04-18 16:47:25'),
(20382, '装备专区', 22646, '苹果专区', 131, 60, '签合同账号', 1, 1, 17, 1, '全体队友物理防御力上升，效果持续到战斗结束', '2018-04-18 16:47:25'),
(20383, '宠物专区', 31619, '安卓官服', 18, 33, '签合同账号', 0, 3, 36, 0, '解除全体队友的各种异常状态', '2018-04-18 16:47:25'),
(20384, '成品号', 11066, '苹果专区', 4, 11, '手机账号', 1, 1, 93, 0, '减少对方一定量的HP及MP，效果受对方魔法属性影响', '2018-04-18 16:47:25'),
(20385, '成品号', 6308, '苹果专区', 23, 26, '手机账号', 0, 5, 86, 0, '给己方指定目标回复20%上限的MP。最高不超过目标等级*8。', '2018-04-18 16:47:25'),
(20386, '装备专区', 38498, '安卓官服', 43, 94, '手机账号', 0, 2, 48, 1, '减少对方一定量的HP及MP，效果受对方魔法属性影响', '2018-04-18 16:47:25'),
(20387, '宠物专区', 47738, '安卓官服', 30, 74, '无绑定账号', 1, 3, 19, 0, '恢复全体队友1/4的气血（最高不超过被恢复人的等级×12），对有低级鬼魂术的召唤兽无效', '2018-04-18 16:47:25'),
(20388, '宠物专区', 18209, '苹果安卓互通区', 62, 84, '无绑定账号', 1, 5, 28, 0, '降低敌方全体的速度，效果持续到战斗结束', '2018-04-18 16:47:25'),
(20389, '装备专区', 12296, '苹果安卓互通区', 135, 34, '有绑定账号', 1, 1, 58, 1, '给己方全体单位回复20%上限的MP。最高不超过目标等级*8。', '2018-04-18 16:47:25'),
(20390, '金币号', 22713, '安卓官服', 116, 34, '手机账号', 1, 1, 30, 0, '恢复（上限6%+400）的气血，对单人使用', '2018-04-18 16:47:25'),
(20391, '金币号', 6625, '苹果安卓互通区', 30, 41, '无绑定账号', 1, 2, 74, 1, '可以攻击对方多人，最小伤害为50', '2018-04-18 16:47:25'),
(20392, '金币号', 10777, '苹果安卓互通区', 18, 50, '无绑定账号', 0, 2, 2, 1, '减少敌方单人当前20%的MP', '2018-04-18 16:47:25'),
(20393, '宠物专区', 23616, '苹果安卓互通区', 134, 65, '签合同账号', 0, 8, 89, 0, '受到伤害时，将伤害的一半反作用给对方（作用于多人的法术除外），效果为5回合（每次反弹不超过人物等级×8）', '2018-04-18 16:47:25'),
(20394, '装备专区', 9416, '苹果专区', 147, 73, '有绑定账号', 0, 6, 41, 0, '恢复（上限9%+600）的气血，对单人使用', '2018-04-18 16:47:25'),
(20395, '宠物专区', 33408, '安卓官服', 140, 18, '有绑定账号', 0, 5, 75, 0, '吸取对方当前30%的MP，不能对怪物BOSS使用', '2018-04-18 16:47:25'),
(20396, '装备专区', 22896, '安卓官服', 154, 100, '手机账号', 0, 7, 92, 0, '降低敌方全体的物理防御力，效果持续到战斗结束', '2018-04-18 16:47:25'),
(20397, '装备专区', 28892, '苹果安卓互通区', 143, 91, '无绑定账号', 1, 5, 53, 1, '减少敌方单人当前20%的MP', '2018-04-18 16:47:25'),
(20398, '装备专区', 32733, '苹果安卓互通区', 95, 73, '签合同账号', 0, 5, 53, 0, '降低敌方全体的伤害力，效果持续到战斗结束', '2018-04-18 16:47:25'),
(20399, '装备专区', 25710, '苹果安卓互通区', 158, 87, '签合同账号', 0, 2, 96, 0, '减少对方全体一定量的HP及MP，效果受对方力量属性影响', '2018-04-18 16:47:25'),
(20400, '宠物专区', 43192, '安卓官服', 107, 99, '签合同账号', 1, 2, 71, 1, '复活并恢复1/2的气血（最高不超过人物等级×20），只能对倒地状态的人物使用', '2018-04-18 16:47:25'),
(20401, '装备专区', 16750, '安卓官服', 119, 86, '签合同账号', 0, 8, 26, 0, '恢复自身1/2的气血（最高不超过人物等级×20）', '2018-04-18 16:47:25'),
(20402, '金币号', 35788, '苹果安卓互通区', 83, 8, '签合同账号', 1, 5, 43, 0, '解除各种异常状态，并恢复1/4的气血（最高不超过人物等级×12）', '2018-04-18 16:47:25'),
(20403, '宠物专区', 17656, '苹果专区', 43, 0, '无绑定账号', 0, 9, 14, 1, '减少对方全体一定量的HP及MP，效果受对方力量属性影响', '2018-04-18 16:47:25'),
(20404, '装备专区', 14787, '苹果专区', 160, 17, '无绑定账号', 0, 1, 15, 0, '复活所有队友并恢复全部气血，使用后自己的气血及气血上限将变为最大气血的10%，魔法变为0，不能复活鬼魂类的召唤兽', '2018-04-18 16:47:25'),
(20405, '成品号', 21316, '苹果专区', 24, 21, '签合同账号', 1, 6, 82, 1, '减少对方全体一定量的HP及MP，效果受对方魔法属性影响', '2018-04-18 16:47:25'),
(20406, '成品号', 7205, '苹果安卓互通区', 69, 68, '无绑定账号', 1, 4, 85, 0, '复活所有队友并恢复全部气血，使用后自己的气血及气血上限将变为最大气血的10%，魔法变为0，不能复活鬼魂类的召唤兽', '2018-04-18 16:47:25'),
(20407, '金币号', 43372, '苹果专区', 78, 61, '无绑定账号', 0, 5, 3, 1, '全体队友受到的法术伤害减半，效果为3回合', '2018-04-18 16:47:25'),
(20408, '装备专区', 17309, '苹果安卓互通区', 110, 48, '签合同账号', 0, 2, 99, 1, '提升队友的速度，效果持续到战斗结束', '2018-04-18 16:47:25'),
(20409, '成品号', 31214, '安卓官服', 140, 89, '签合同账号', 1, 6, 97, 0, '给己方指定目标回复20%上限的MP。最高不超过目标等级*8。', '2018-04-18 16:47:25'),
(20410, '宠物专区', 26612, '苹果安卓互通区', 14, 8, '无绑定账号', 0, 9, 55, 0, '解除各种异常状态，并恢复1/4的气血（最高不超过人物等级×12）', '2018-04-18 16:47:25'),
(20411, '成品号', 45983, '苹果专区', 62, 21, '有绑定账号', 0, 6, 38, 1, '降低敌人的物理伤害力，效果持续到战斗结束', '2018-04-18 16:47:25'),
(20412, '成品号', 39382, '安卓官服', 80, 54, '签合同账号', 0, 3, 98, 1, '降低敌方全体的伤害力，效果持续到战斗结束', '2018-04-18 16:47:25'),
(20413, '装备专区', 35069, '苹果专区', 103, 44, '手机账号', 0, 5, 46, 0, '减少敌方单人70点愤怒值', '2018-04-18 16:47:25'),
(20414, '装备专区', 37132, '苹果安卓互通区', 39, 18, '签合同账号', 1, 8, 26, 1, '恢复（上限6%+400）的气血，对单人使用', '2018-04-18 16:47:25'),
(20415, '装备专区', 14112, '安卓官服', 115, 72, '手机账号', 1, 9, 94, 1, '物理攻击敌人，并减少对方和HP损失相同的MP', '2018-04-18 16:47:25'),
(20416, '装备专区', 24129, '安卓官服', 28, 7, '无绑定账号', 0, 1, 87, 0, '减少敌全体同等于自己“魔力”属性/3的HP及MP。', '2018-04-18 16:47:25'),
(20417, '金币号', 21505, '安卓官服', 34, 76, '签合同账号', 1, 2, 3, 1, '减少对方一定量的HP及MP，效果受对方魔法属性影响', '2018-04-18 16:47:25'),
(20418, '宠物专区', 27390, '苹果专区', 102, 73, '签合同账号', 0, 8, 76, 0, '恢复（上限9%+600）的气血，对单人使用', '2018-04-18 16:47:25'),
(20419, '装备专区', 27387, '苹果安卓互通区', 36, 79, '签合同账号', 0, 5, 46, 1, '将自己受到的法术反作用给施法者（针对某些特殊情况下无效），效果持续两回合', '2018-04-18 16:47:25'),
(20420, '成品号', 5678, '苹果安卓互通区', 76, 101, '无绑定账号', 0, 4, 40, 1, '降低敌人的物理伤害力，效果持续到战斗结束', '2018-04-18 16:47:25'),
(20421, '装备专区', 24649, '安卓官服', 55, 49, '有绑定账号', 0, 2, 44, 0, '减少敌单体同等于自己“魔力”属性的HP及MP。', '2018-04-18 16:47:25'),
(20422, '成品号', 31511, '安卓官服', 3, 34, '有绑定账号', 0, 7, 77, 0, '恢复（上限9%+600）的气血，对单人使用', '2018-04-18 16:47:25'),
(20423, '成品号', 28931, '苹果专区', 107, 12, '签合同账号', 1, 7, 69, 0, '降低敌人的速度，效果持续到战斗结束', '2018-04-18 16:47:25'),
(20424, '成品号', 18153, '安卓官服', 21, 87, '有绑定账号', 0, 1, 33, 1, '给己方指定目标回复20%上限的MP。最高不超过目标等级*8。', '2018-04-18 16:47:25'),
(20425, '宠物专区', 33125, '安卓官服', 125, 45, '签合同账号', 0, 3, 43, 1, '减少对方HP，最小伤害为50', '2018-04-18 16:47:25'),
(20426, '成品号', 38121, '苹果专区', 24, 93, '手机账号', 1, 2, 6, 1, '减少对方全体一定量的HP及MP，效果受对方魔法属性影响', '2018-04-18 16:47:25'),
(20427, '金币号', 7369, '苹果专区', 126, 64, '无绑定账号', 0, 5, 38, 0, '减少对方一定量的HP及MP，效果受对方魔法属性影响', '2018-04-18 16:47:25'),
(20428, '成品号', 4678, '苹果安卓互通区', 147, 49, '有绑定账号', 1, 6, 42, 1, '复活所有队友并恢复全部气血，使用后自己的气血及气血上限将变为最大气血的10%，魔法变为0，不能复活鬼魂类的召唤兽', '2018-04-18 16:47:25'),
(20429, '装备专区', 35557, '苹果安卓互通区', 42, 37, '无绑定账号', 1, 5, 76, 1, '减少对方HP，最小伤害为50', '2018-04-18 16:47:25'),
(20430, '金币号', 35843, '苹果专区', 124, 4, '手机账号', 0, 1, 37, 1, '给己方全体单位回复20%上限的MP。最高不超过目标等级*8。', '2018-04-18 16:47:25'),
(20431, '金币号', 42328, '安卓官服', 52, 99, '手机账号', 1, 6, 29, 1, '恢复（上限6%+400）的气血，对单人使用', '2018-04-18 16:47:25'),
(20432, '金币号', 44880, '安卓官服', 90, 68, '无绑定账号', 0, 9, 40, 1, '复活并恢复HP150点，只能对倒地状态的人物使用', '2018-04-18 16:47:25'),
(20433, '金币号', 20572, '苹果安卓互通区', 90, 108, '签合同账号', 0, 3, 18, 0, '物理攻击敌人，并减少对方和HP损失相同的MP', '2018-04-18 16:47:25'),
(20434, '成品号', 13304, '苹果安卓互通区', 102, 69, '签合同账号', 0, 9, 46, 0, '减少敌方单人当前20%的MP', '2018-04-18 16:47:25'),
(20435, '装备专区', 31431, '苹果专区', 8, 88, '签合同账号', 1, 8, 15, 0, '解除全体队友的各种异常状态', '2018-04-18 16:47:25'),
(20436, '宠物专区', 36382, '苹果安卓互通区', 133, 6, '手机账号', 0, 7, 3, 0, '降低敌人的物理防御力，效果持续到战斗结束', '2018-04-18 16:47:25'),
(20437, '金币号', 22294, '安卓官服', 65, 9, '手机账号', 0, 5, 43, 1, '降低敌方全体的伤害力，效果持续到战斗结束', '2018-04-18 16:47:25'),
(20438, '装备专区', 4628, '安卓官服', 78, 41, '手机账号', 0, 8, 7, 1, '狂性大发，可以连续攻击两次', '2018-04-18 16:47:25'),
(20439, '成品号', 8802, '安卓官服', 115, 4, '手机账号', 1, 8, 73, 1, '恢复自身一定的MP，效果受自己的魔法上限影响', '2018-04-18 16:47:25'),
(20440, '装备专区', 13310, '苹果专区', 73, 58, '签合同账号', 1, 7, 5, 0, '减少对方全体一定量的HP及MP，效果受对方魔法属性影响', '2018-04-18 16:47:25'),
(20441, '装备专区', 29348, '苹果安卓互通区', 90, 43, '手机账号', 0, 9, 27, 0, '复活所有队友并恢复全部气血，使用后自己的气血及气血上限将变为最大气血的10%，魔法变为0，不能复活鬼魂类的召唤兽', '2018-04-18 16:47:25'),
(20442, '成品号', 43942, '安卓官服', 13, 1, '无绑定账号', 1, 3, 95, 0, '吸取对方当前30%的MP，不能对怪物BOSS使用', '2018-04-18 16:47:25'),
(20443, '金币号', 8569, '安卓官服', 7, 39, '签合同账号', 0, 4, 77, 0, '一定几率令对手在5回合内使用法术和特技的消耗增加。', '2018-04-18 16:47:25'),
(20444, '装备专区', 9788, '安卓官服', 33, 85, '有绑定账号', 1, 8, 23, 1, '降低敌方全体的物理防御力，效果持续到战斗结束', '2018-04-18 16:47:25'),
(20445, '成品号', 30359, '苹果专区', 124, 73, '有绑定账号', 1, 3, 44, 0, '全体队友受到的法术伤害减半，效果为3回合', '2018-04-18 16:47:25'),
(20446, '成品号', 28867, '苹果安卓互通区', 27, 32, '无绑定账号', 1, 1, 86, 0, '复活并恢复1/2的气血（最高不超过人物等级×20），只能对倒地状态的人物使用', '2018-04-18 16:47:25'),
(20447, '金币号', 19355, '苹果安卓互通区', 131, 57, '无绑定账号', 1, 2, 1, 0, '物理攻击敌人，并减少对方和HP损失相同的MP', '2018-04-18 16:47:25'),
(20448, '成品号', 14443, '苹果专区', 132, 59, '签合同账号', 0, 6, 30, 1, '可以攻击对方多人，最小伤害为50', '2018-04-18 16:47:25'),
(20449, '装备专区', 13951, '苹果专区', 126, 71, '手机账号', 0, 3, 70, 1, '恢复自身大量的MP，效果受自己的魔法上限影响', '2018-04-18 16:47:25'),
(20450, '金币号', 39032, '苹果安卓互通区', 81, 107, '签合同账号', 1, 1, 53, 0, '给己方指定目标回复20%上限的MP。最高不超过目标等级*8。', '2018-04-18 16:47:25'),
(20451, '金币号', 29786, '安卓官服', 123, 28, '有绑定账号', 0, 1, 22, 0, '恢复（上限3%+200）的气血，对单人使用', '2018-04-18 16:47:25'),
(20452, '装备专区', 15898, '苹果专区', 8, 63, '有绑定账号', 1, 8, 2, 1, '给目标在接下来的回合中提升20%的速度，持续3回合。', '2018-04-18 16:47:25'),
(20453, '成品号', 14251, '苹果安卓互通区', 56, 9, '签合同账号', 0, 7, 80, 0, '受到伤害时，将伤害的一半反作用给对方（作用于多人的法术除外），效果为5回合（每次反弹不超过人物等级×8）', '2018-04-18 16:47:25'),
(20454, '装备专区', 17559, '苹果专区', 133, 89, '手机账号', 1, 8, 74, 1, '降低敌方全体的物理防御力，效果持续到战斗结束', '2018-04-18 16:47:25'),
(20455, '装备专区', 28487, '苹果专区', 102, 37, '无绑定账号', 0, 8, 14, 1, '减少敌单体同等于自己“魔力”属性的HP及MP。', '2018-04-18 16:47:25'),
(20456, '金币号', 2779, '安卓官服', 105, 70, '有绑定账号', 1, 4, 14, 0, '给己方所有目标增加一个临时屏障，可抵御目标等级×5伤害，持续2个回合。（即笼罩该状态的目标在回合内所受的伤害会先被抵挡，回合到或抵挡伤害上限到则状态消失。）', '2018-04-18 16:47:25'),
(20457, '装备专区', 19883, '苹果安卓互通区', 35, 81, '有绑定账号', 0, 4, 48, 1, '提升队友的速度，效果持续到战斗结束', '2018-04-18 16:47:25'),
(20458, '宠物专区', 44075, '苹果专区', 143, 59, '有绑定账号', 1, 3, 21, 1, '减少敌单体同等于自己“魔力”属性的HP及MP。', '2018-04-18 16:47:25'),
(20459, '金币号', 4081, '苹果专区', 30, 56, '有绑定账号', 1, 1, 52, 0, '减少敌方单人70点愤怒值', '2018-04-18 16:47:25'),
(20460, '装备专区', 9211, '安卓官服', 60, 52, '有绑定账号', 1, 8, 41, 0, '吸取对方当前20%的HP，不能对怪物BOSS使用', '2018-04-18 16:47:25'),
(20461, '金币号', 19472, '安卓官服', 23, 39, '手机账号', 0, 9, 49, 1, '降低敌方全体的速度，效果持续到战斗结束', '2018-04-18 16:47:25'),
(20462, '金币号', 16203, '苹果专区', 72, 101, '手机账号', 1, 1, 71, 0, '令敌全体队员各有一定几率处于某种异常状态', '2018-04-18 16:47:25'),
(20463, '宠物专区', 36196, '苹果安卓互通区', 28, 56, '手机账号', 1, 6, 11, 1, '减少对方一定量的HP及MP，效果受自己力量属性影响', '2018-04-18 16:47:25'),
(20464, '成品号', 23818, '苹果专区', 154, 91, '手机账号', 1, 2, 58, 1, '以临时提高伤害力攻击对手,适于对付防御高者', '2018-04-18 16:47:25'),
(20465, '宠物专区', 47144, '安卓官服', 142, 75, '无绑定账号', 1, 2, 60, 0, '令敌全体队员各有一定几率处于某种异常状态', '2018-04-18 16:47:25'),
(20466, '金币号', 13571, '安卓官服', 39, 76, '手机账号', 1, 9, 99, 0, '复活所有队友并恢复全部气血，使用后自己的气血及气血上限将变为最大气血的10%，魔法变为0，不能复活鬼魂类的召唤兽', '2018-04-18 16:47:25'),
(20467, '成品号', 22455, '安卓官服', 55, 10, '签合同账号', 1, 2, 67, 0, '复活并恢复1/2的气血（最高不超过人物等级×20），只能对倒地状态的人物使用', '2018-04-18 16:47:26'),
(20468, '宠物专区', 35227, '苹果专区', 25, 51, '签合同账号', 1, 8, 40, 1, '可以攻击对方多人，最小伤害为50', '2018-04-18 16:47:26'),
(20469, '装备专区', 46022, '苹果专区', 26, 51, '无绑定账号', 1, 8, 54, 1, '令敌全体队员各有一定几率处于某种异常状态', '2018-04-18 16:47:26'),
(20470, '宠物专区', 24801, '苹果安卓互通区', 6, 68, '手机账号', 0, 7, 78, 0, '和对方交换状态，HP、MP、异常状态、辅助状态等，只能对玩家使用，使用时有一定几率失败。使用后需要休息1回合，如果自身气血低于20%，或对方气血在80%上时不能使用', '2018-04-18 16:47:26'),
(20471, '装备专区', 42484, '苹果专区', 70, 2, '手机账号', 1, 6, 93, 1, '解除各种异常状态，如被封物理、魔法、中毒、混乱等', '2018-04-18 16:47:26'),
(20472, '成品号', 32061, '苹果专区', 117, 13, '有绑定账号', 1, 8, 61, 0, '狂性大发，可以连续攻击两次', '2018-04-18 16:47:26'),
(20473, '成品号', 4731, '苹果安卓互通区', 122, 51, '签合同账号', 0, 7, 6, 1, '一定几率令对手在5回合内使用法术和特技的消耗增加。', '2018-04-18 16:47:26'),
(20474, '装备专区', 38521, '安卓官服', 92, 48, '手机账号', 0, 2, 85, 1, '狂性大发，可以连续攻击两次', '2018-04-18 16:47:26'),
(20475, '装备专区', 39407, '安卓官服', 33, 3, '签合同账号', 0, 6, 65, 1, '以临时提高伤害力攻击对手,适于对付防御高者', '2018-04-18 16:47:26'),
(20476, '金币号', 2945, '苹果专区', 67, 60, '有绑定账号', 0, 8, 98, 0, '恢复自身1/4的气血（最高不超过人物等级×12）', '2018-04-18 16:47:26'),
(20477, '金币号', 2898, '苹果专区', 64, 47, '手机账号', 0, 5, 92, 1, '恢复自身1/4的气血（最高不超过人物等级×12）', '2018-04-18 16:47:26'),
(20478, '成品号', 43353, '安卓官服', 96, 100, '无绑定账号', 0, 8, 95, 0, '令敌全体队员各有一定几率处于某种异常状态', '2018-04-18 16:47:26'),
(20479, '宠物专区', 47349, '苹果专区', 66, 96, '无绑定账号', 0, 8, 59, 0, '解除各种异常状态，并恢复1/4的气血（最高不超过人物等级×12）', '2018-04-18 16:47:26'),
(20480, '成品号', 27506, '安卓官服', 156, 55, '有绑定账号', 1, 6, 24, 1, '给目标在接下来的回合中提升20%的速度，持续3回合。', '2018-04-18 16:47:26'),
(20481, '装备专区', 29148, '苹果安卓互通区', 137, 10, '手机账号', 1, 9, 87, 0, '给目标在接下来的回合中提升20%的速度，持续3回合。', '2018-04-18 16:47:26'),
(20482, '金币号', 27923, '苹果专区', 140, 86, '无绑定账号', 0, 7, 81, 1, '解除各种异常状态，并恢复1/4的气血（最高不超过人物等级×12）', '2018-04-18 16:47:26'),
(20483, '成品号', 9435, '苹果安卓互通区', 129, 33, '有绑定账号', 0, 2, 49, 1, '可以攻击对方多人，最小伤害为50', '2018-04-18 16:47:26'),
(20484, '装备专区', 3367, '苹果专区', 22, 80, '无绑定账号', 1, 7, 15, 0, '复活所有队友并恢复全部气血，使用后自己的气血及气血上限将变为最大气血的10%，魔法变为0，不能复活鬼魂类的召唤兽', '2018-04-18 16:47:26'),
(20485, '宠物专区', 26604, '苹果专区', 138, 25, '无绑定账号', 1, 8, 65, 1, '降低敌人的物理伤害力，效果持续到战斗结束', '2018-04-18 16:47:26'),
(20486, '金币号', 26357, '苹果专区', 20, 88, '有绑定账号', 0, 5, 20, 0, '降低敌人的速度，效果持续到战斗结束', '2018-04-18 16:47:26'),
(20487, '成品号', 5292, '安卓官服', 17, 8, '无绑定账号', 0, 4, 9, 0, '将自己受到的法术反作用给施法者（针对某些特殊情况下无效），效果持续两回合', '2018-04-18 16:47:26'),
(20488, '成品号', 10155, '苹果专区', 109, 108, '手机账号', 1, 3, 46, 1, '狂性大发，可以连续攻击两次', '2018-04-18 16:47:26'),
(20489, '装备专区', 29392, '安卓官服', 26, 62, '有绑定账号', 0, 9, 2, 0, '狂性大发，可以连续攻击两次', '2018-04-18 16:47:26'),
(20490, '成品号', 27279, '苹果专区', 20, 79, '手机账号', 0, 8, 87, 1, '吸取对方当前20%的HP，不能对怪物BOSS使用', '2018-04-18 16:47:26'),
(20491, '装备专区', 23543, '苹果安卓互通区', 16, 102, '无绑定账号', 0, 1, 16, 1, '全体队友伤害力上升，效果持续到战斗结束', '2018-04-18 16:47:26'),
(20492, '宠物专区', 36493, '苹果安卓互通区', 53, 0, '无绑定账号', 0, 7, 91, 1, '减少敌单体同等于自己“魔力”属性的HP及MP。', '2018-04-18 16:47:26'),
(20493, '成品号', 26137, '安卓官服', 85, 95, '手机账号', 0, 9, 73, 0, '给己方所有目标增加一个临时屏障，可抵御目标等级×5伤害，持续2个回合。（即笼罩该状态的目标在回合内所受的伤害会先被抵挡，回合到或抵挡伤害上限到则状态消失。）', '2018-04-18 16:47:26'),
(20494, '成品号', 19314, '安卓官服', 101, 32, '有绑定账号', 0, 6, 56, 1, '解除各种异常状态，如被封物理、魔法、中毒、混乱等', '2018-04-18 16:47:26'),
(20495, '金币号', 7314, '安卓官服', 85, 68, '有绑定账号', 1, 1, 44, 0, '恢复（上限6%+400）的气血，对单人使用', '2018-04-18 16:47:26'),
(20496, '金币号', 25507, '苹果专区', 138, 60, '签合同账号', 0, 8, 27, 1, '狂性大发，可以连续攻击两次', '2018-04-18 16:47:26'),
(20497, '装备专区', 5464, '安卓官服', 112, 97, '无绑定账号', 0, 6, 52, 0, '提升队友的速度，效果持续到战斗结束', '2018-04-18 16:47:26'),
(20498, '成品号', 36588, '安卓官服', 58, 28, '手机账号', 1, 4, 2, 0, '减少敌单体同等于自己“魔力”属性的HP及MP。', '2018-04-18 16:47:26'),
(20499, '宠物专区', 36230, '安卓官服', 20, 98, '手机账号', 0, 1, 68, 1, '降低敌方全体的速度，效果持续到战斗结束', '2018-04-18 16:47:26'),
(20500, '宠物专区', 11321, '苹果安卓互通区', 160, 40, '有绑定账号', 1, 5, 27, 0, '提升队友的防御力，效果持续到战斗结束', '2018-04-18 16:47:26'),
(20501, '装备专区', 46999, '安卓官服', 67, 39, '签合同账号', 0, 7, 14, 1, '降低敌人的速度，效果持续到战斗结束', '2018-04-18 16:47:26'),
(20502, '成品号', 22224, '苹果安卓互通区', 14, 40, '无绑定账号', 1, 2, 100, 1, '吸取对方当前20%的HP，不能对怪物BOSS使用', '2018-04-18 16:47:26'),
(20503, '成品号', 7914, '苹果专区', 106, 55, '有绑定账号', 1, 9, 63, 0, '将自己受到的法术反作用给施法者（针对某些特殊情况下无效），效果持续两回合', '2018-04-18 16:47:26'),
(20504, '成品号', 28062, '安卓官服', 80, 23, '有绑定账号', 1, 5, 67, 0, '减少敌全体同等于自己“魔力”属性/3的HP及MP。', '2018-04-18 16:47:26'),
(20505, '金币号', 2865, '安卓官服', 72, 5, '签合同账号', 1, 9, 36, 0, '减少敌方单人当前20%的MP', '2018-04-18 16:47:26'),
(20506, '装备专区', 10349, '苹果安卓互通区', 90, 41, '有绑定账号', 1, 5, 26, 1, '恢复自身一定的MP，效果受自己的魔法上限影响', '2018-04-18 16:47:26'),
(20507, '装备专区', 47494, '苹果安卓互通区', 141, 22, '有绑定账号', 0, 4, 4, 0, '受到的法术伤害减半，效果为3回合', '2018-04-18 16:47:26'),
(20508, '装备专区', 18853, '苹果专区', 19, 91, '签合同账号', 1, 4, 22, 0, '复活并恢复HP150点，只能对倒地状态的人物使用', '2018-04-18 16:47:26'),
(20509, '装备专区', 43689, '苹果安卓互通区', 85, 76, '有绑定账号', 1, 2, 91, 1, '减少敌方单人当前20%的HP', '2018-04-18 16:47:26'),
(20510, '金币号', 35088, '苹果安卓互通区', 85, 4, '手机账号', 0, 2, 54, 1, '减少敌单体同等于自己“魔力”属性的HP及MP。', '2018-04-18 16:47:26'),
(20511, '成品号', 7092, '安卓官服', 83, 80, '手机账号', 1, 1, 67, 0, '解除各种异常状态，并恢复1/4的气血（最高不超过人物等级×12）', '2018-04-18 16:47:26'),
(20512, '装备专区', 17820, '苹果专区', 99, 107, '无绑定账号', 1, 1, 67, 0, '吸取对方当前30%的MP，不能对怪物BOSS使用', '2018-04-18 16:47:26'),
(20518, '成品号', 22, '苹果专区', 1, 33, '手机账号', 1, 1, 44, 1, '55', '2018-04-19 13:13:46'),
(20519, '成品号', 33, '苹果专区', 1, 44, '手机账号', 1, 1, 44, 1, '44', '2018-04-19 13:21:44'),
(20520, '成品号', 33, '苹果专区', 1, 44, '手机账号', 1, 1, 44, 1, '44', '2018-04-19 13:27:10'),
(20521, '成品号', 11, '苹果专区', 1, 11, '手机账号', 1, 1, 11, 1, '11', '2018-04-19 13:34:50'),
(20522, '成品号', 1234, '苹果专区', 1, 12, '手机账号', 1, 1, 34, 1, '这条有图片', '2018-04-21 14:54:49'),
(20523, '成品号', 2222, '苹果专区', 1, 33, '手机账号', 1, 1, 33, 1, '33', '2018-04-21 15:10:45'),
(20524, '成品号', 22, '苹果专区', 1, 12, '手机账号', 1, 1, 34, 1, '56', '2018-04-21 15:12:12');

-- --------------------------------------------------------

--
-- 表的结构 `picture`
--

CREATE TABLE IF NOT EXISTS `picture` (
  `id` int(11) NOT NULL AUTO_INCREMENT,
  `equipmentid` int(11) NOT NULL,
  `path` varchar(128) NOT NULL,
  PRIMARY KEY (`id`)
) ENGINE=InnoDB  DEFAULT CHARSET=utf8 AUTO_INCREMENT=20056 ;

--
-- 转存表中的数据 `picture`
--

INSERT INTO `picture` (`id`, `equipmentid`, `path`) VALUES
(20006, 20009, 'uploads/2018/04/19-53-23-00.jpg'),
(20007, 20009, 'uploads/2018/04/19-53-23-01.jpg'),
(20008, 20009, 'uploads/2018/04/19-53-23-02.jpg'),
(20009, 20009, 'uploads/2018/04/19-53-23-03.jpg'),
(20010, 20009, 'uploads/2018/04/19-53-23-04.jpg'),
(20011, 20010, 'uploads/2018/04/17/19-54-50-00.jpg'),
(20012, 20010, 'uploads/2018/04/17/19-54-50-01.jpg'),
(20013, 20010, 'uploads/2018/04/17/19-54-50-02.jpg'),
(20014, 20010, 'uploads/2018/04/17/19-54-50-03.jpg'),
(20015, 20010, 'uploads/2018/04/17/19-54-50-04.jpg'),
(20016, 20011, 'uploads/2018/04/17/19-55-4400.jpg'),
(20017, 20011, 'uploads/2018/04/17/19-55-4401.jpg'),
(20018, 20011, 'uploads/2018/04/17/19-55-4402.jpg'),
(20019, 20011, 'uploads/2018/04/17/19-55-4403.jpg'),
(20020, 20011, 'uploads/2018/04/17/19-55-4404.jpg'),
(20021, 20012, 'uploads/2018/04/17/19564400.jpg'),
(20022, 20012, 'uploads/2018/04/17/19564401.jpg'),
(20023, 20012, 'uploads/2018/04/17/19564402.jpg'),
(20024, 20012, 'uploads/2018/04/17/19564403.jpg'),
(20025, 20012, 'uploads/2018/04/17/19564404.jpg'),
(20026, 20513, 'uploads/2018/04/19/13082600.jpg'),
(20027, 20513, 'uploads/2018/04/19/13082601.jpg'),
(20028, 20513, 'uploads/2018/04/19/13082602.jpg'),
(20029, 20513, 'uploads/2018/04/19/13082603.jpg'),
(20030, 20513, 'uploads/2018/04/19/13082604.jpg'),
(20031, 20514, 'uploads/2018/04/19/13101900.jpg'),
(20032, 20514, 'uploads/2018/04/19/13101901.jpg'),
(20033, 20514, 'uploads/2018/04/19/13101902.jpg'),
(20034, 20514, 'uploads/2018/04/19/13101903.jpg'),
(20035, 20514, 'uploads/2018/04/19/13101904.jpg'),
(20036, 20516, 'uploads/2018/04/19/13114100.jpg'),
(20037, 20516, 'uploads/2018/04/19/13114101.jpg'),
(20038, 20516, 'uploads/2018/04/19/13114102.jpg'),
(20039, 20516, 'uploads/2018/04/19/13114103.jpg'),
(20040, 20516, 'uploads/2018/04/19/13114104.jpg'),
(20041, 20517, 'uploads/2018/04/19/13134600.jpg'),
(20042, 20518, 'uploads/2018/04/19/13143400.jpg'),
(20043, 20519, 'uploads/2018/04/19/13271000.jpg'),
(20044, 20520, 'uploads/2018/04/19/13273100.jpg'),
(20045, 20520, 'uploads/2018/04/19/13273101.jpg'),
(20046, 20520, 'uploads/2018/04/19/13273102.jpg'),
(20047, 20520, 'uploads/2018/04/19/13273103.jpg'),
(20048, 20520, 'uploads/2018/04/19/13273104.jpg'),
(20049, 20522, 'uploads/2018/04/21/14550800.jpg'),
(20050, 20522, 'uploads/2018/04/21/14550801.jpg'),
(20051, 20522, 'uploads/2018/04/21/14550802.jpg'),
(20052, 20522, 'uploads/2018/04/21/14550803.jpg'),
(20053, 20522, 'uploads/2018/04/21/14550804.jpg'),
(20054, 20523, 'uploads/2018/04/21/15110100.jpg'),
(20055, 20524, 'uploads/2018/04/21/15122400.jpg');

-- --------------------------------------------------------

--
-- 表的结构 `school`
--

CREATE TABLE IF NOT EXISTS `school` (
  `id` int(11) NOT NULL AUTO_INCREMENT,
  `name` varchar(16) NOT NULL,
  PRIMARY KEY (`id`)
) ENGINE=InnoDB  DEFAULT CHARSET=utf8 AUTO_INCREMENT=10 ;

--
-- 转存表中的数据 `school`
--

INSERT INTO `school` (`id`, `name`) VALUES
(1, '大唐官府'),
(2, '方寸山'),
(3, '狮驼岭'),
(4, '普陀山'),
(5, '龙宫'),
(6, '阴曹地府'),
(7, '魔王寨'),
(8, '化生寺'),
(9, '月宫');

/*!40101 SET CHARACTER_SET_CLIENT=@OLD_CHARACTER_SET_CLIENT */;
/*!40101 SET CHARACTER_SET_RESULTS=@OLD_CHARACTER_SET_RESULTS */;
/*!40101 SET COLLATION_CONNECTION=@OLD_COLLATION_CONNECTION */;
