-- phpMyAdmin SQL Dump
-- version 4.1.14
-- http://www.phpmyadmin.net
--
-- Host: 127.0.0.1
-- Generation Time: 2018-04-17 19:58:36
-- 服务器版本： 5.6.17
-- PHP Version: 5.5.12

SET SQL_MODE = "NO_AUTO_VALUE_ON_ZERO";
SET time_zone = "+00:00";


/*!40101 SET @OLD_CHARACTER_SET_CLIENT=@@CHARACTER_SET_CLIENT */;
/*!40101 SET @OLD_CHARACTER_SET_RESULTS=@@CHARACTER_SET_RESULTS */;
/*!40101 SET @OLD_COLLATION_CONNECTION=@@COLLATION_CONNECTION */;
/*!40101 SET NAMES utf8 */;

--
-- Database: `game`
--

-- --------------------------------------------------------

--
-- 表的结构 `district`
--

CREATE TABLE IF NOT EXISTS `district` (
  `id` int(11) NOT NULL AUTO_INCREMENT,
  `big` varchar(8) NOT NULL,
  `name` varchar(16) NOT NULL,
  PRIMARY KEY (`id`)
) ENGINE=InnoDB  DEFAULT CHARSET=utf8 AUTO_INCREMENT=163 ;

--
-- 转存表中的数据 `district`
--

INSERT INTO `district` (`id`, `big`, `name`) VALUES
(1, '一区', '桃园结义'),
(2, '一区', '八仙过海'),
(3, '一区', '高山流水'),
(4, '一区', '花好月圆'),
(5, '一区', '四海升平'),
(6, '一区', '物华天宝'),
(7, '一区', '海纳百川'),
(8, '一区', '群星璀璨'),
(9, '一区', '天下无双'),
(10, '一区', '梦回唐朝'),
(11, '一区', '开辟鸿蒙'),
(12, '一区', '紫气东来'),
(13, '一区', '紫禁之巅'),
(14, '一区', '华夏'),
(15, '一区', '彩云追月'),
(16, '一区', '似水流年'),
(17, '一区', '花样年华'),
(18, '一区', '缘定三生'),
(19, '一区', '地久天长'),
(20, '一区', '群英荟萃'),
(21, '一区', '国色天香'),
(22, '一区', '海阔天空'),
(23, '一区', '三阳开泰'),
(24, '一区', '天涯海角'),
(25, '一区', '万里长城'),
(26, '一区', '再续前缘'),
(27, '二区', '身似菩提'),
(28, '二区', '梦回奔日'),
(29, '二区', '麒麟山'),
(30, '二区', '西梁女国'),
(31, '二区', '瑶池圣地'),
(32, '二区', '长安城'),
(33, '二区', '东海湾'),
(34, '二区', '五丁开山'),
(35, '二区', '蓬莱仙岛'),
(36, '二区', '秋水人家'),
(37, '二区', '江南野外'),
(38, '三区', '雷霆万钧'),
(39, '三区', '四法青云'),
(40, '三区', '画龙点睛'),
(41, '四区', '名扬四海'),
(42, '四区', '百花齐放'),
(43, '四区', '卧虎藏龙'),
(44, '四区', '执子之手'),
(45, '五区', '钱塘江'),
(46, '五区', '燕赵风云'),
(47, '五区', '城隍庙'),
(48, '五区', '钓鱼岛'),
(49, '五区', '碧落星空'),
(50, '五区', '暮雨朝云'),
(51, '六区', '香蜜湖'),
(52, '六区', '金榜题名'),
(53, '六区', '彩云之南'),
(54, '六区', '凌云殿'),
(55, '六区', '姑苏城'),
(56, '六区', '花开富贵'),
(57, '六区', '倾国倾城'),
(58, '六区', '飞砂走石'),
(59, '六区', '万紫千红'),
(60, '六区', '龙凤呈祥'),
(61, '七区', '仙履奇缘'),
(62, '七区', '顶天立地'),
(63, '七区', '长乐永昌'),
(64, '七区', '前程似锦'),
(65, '七区', '紫陌红尘'),
(66, '七区', '梦想岛'),
(67, '七区', '如画如诗'),
(68, '八区', '一生所爱'),
(69, '八区', '红颜知己'),
(70, '八区', '繁花似锦'),
(71, '八区', '开创未来'),
(72, '八区', '仗剑天涯'),
(73, '八区', '夏日浓情'),
(74, '八区', '人月两圆'),
(75, '八区', '前所未有'),
(76, '八区', '欢天喜地'),
(77, '八区', '心心相印'),
(78, '八区', '一起结婚'),
(79, '九区', '朝阳鸣凤'),
(80, '九区', '龙飞凤舞'),
(81, '九区', '四季平安'),
(82, '九区', '大唐盛世'),
(83, '九区', '剑歌红尘'),
(84, '九区', '红尘如梦'),
(85, '九区', '一起幸福'),
(86, '十区', '清风自在'),
(87, '十区', '人间芳菲'),
(88, '十区', '合家团圆'),
(89, '十区', '春和景明'),
(90, '十区', '锦绣山河'),
(91, '十区', '吉星高照'),
(92, '十一区', '独占鳌头'),
(93, '十一区', '童真童趣'),
(94, '十一区', '如梦如诗'),
(95, '十一区', '风和日丽'),
(96, '十一区', '诗情画意'),
(97, '十一区', '烟雨斜阳'),
(98, '十二区', '雪满长空'),
(99, '十二区', '锦瑟华年'),
(100, '十二区', '王者归来'),
(101, '十二区', '四海欢腾'),
(102, '十二区', '暗香疏影'),
(103, '十二区', '嫦娥奔月'),
(104, '十二区', '一笑倾城'),
(105, '十二区', '技压群雄'),
(106, '十二区', '佳人如梦'),
(107, '十三区', '招财进宝'),
(108, '十三区', '气壮山河'),
(109, '十三区', '情有独钟'),
(110, '十三区', '龙行天下'),
(111, '十三区', '一起恋爱'),
(112, '十三区', '天下风云'),
(113, '十四区', '以梦为马'),
(114, '十四区', '酒意诗情'),
(115, '十四区', '骑幻冒险'),
(116, '十四区', '名扬万里'),
(117, '十四区', '桃花依旧'),
(118, '十四区', '天下归心'),
(119, '双平台', '海棠迎风'),
(120, '双平台', '明河星舟'),
(121, '双平台', '2018'),
(122, '双平台', '时空之隙'),
(123, '双平台', '满堂花醉'),
(124, '双平台', '灿烂千阳'),
(125, '双平台', '因梦而在'),
(126, '双平台', '华灯结彩'),
(127, '双平台', '如意新春'),
(128, '双平台', '旺福迎春'),
(129, '双平台', '双面伊人'),
(130, '双平台', '两心相知'),
(131, '双平台', '十年一梦'),
(132, '双平台', '愿闻花名'),
(133, '双平台', '河洛天工'),
(134, '双平台', '洛阳匠心'),
(135, '双平台', '流萤灯'),
(136, '双平台', '风起之时'),
(137, '双平台', '落花清寒'),
(138, '双平台', '少年无畏'),
(139, '双平台', '风之痕'),
(140, '双平台', '秋声赋'),
(141, '双平台', '一战倾城'),
(142, '双平台', '逍遥游'),
(143, '双平台', '四海九州'),
(144, '双平台', '此生不换'),
(145, '双平台', '海之彼端'),
(146, '双平台', '风样自由'),
(147, '双平台', '相见恨晚'),
(148, '双平台', '三生情缘'),
(149, '双平台', '对月歌'),
(150, '双平台', '皓月千里'),
(151, '双平台', '幸福群像'),
(152, '双平台', '那时花开'),
(153, '双平台', '致青春'),
(154, '双平台', '夏日香气'),
(155, '双平台', '携手逐梦'),
(156, '双平台', '心意相通'),
(157, '双平台', '咕噜咕噜'),
(158, '双平台', '冬日恋曲'),
(159, '双平台', '似水年华'),
(160, '双平台', '雪之歌'),
(161, '双平台', '琉璃城'),
(162, '安卓混服', '安卓混服');

-- --------------------------------------------------------

--
-- 表的结构 `equipment`
--

CREATE TABLE IF NOT EXISTS `equipment` (
  `id` int(11) NOT NULL AUTO_INCREMENT,
  `price` int(11) NOT NULL,
  `os` varchar(16) NOT NULL,
  `district` int(11) NOT NULL,
  `level` int(11) NOT NULL,
  `type` varchar(16) NOT NULL,
  `sex` int(11) NOT NULL,
  `school` int(11) NOT NULL,
  `monster` int(11) NOT NULL,
  `discuss` int(11) NOT NULL,
  `note` varchar(512) NOT NULL,
  `updatetime` datetime NOT NULL,
  PRIMARY KEY (`id`)
) ENGINE=InnoDB  DEFAULT CHARSET=utf8 AUTO_INCREMENT=20013 ;

--
-- 转存表中的数据 `equipment`
--

INSERT INTO `equipment` (`id`, `price`, `os`, `district`, `level`, `type`, `sex`, `school`, `monster`, `discuss`, `note`, `updatetime`) VALUES
(1, 23444, '1', 1, 33, '1', 1, 1, 33, 1, '不同的数据库中字符串连接符不同，下面列举几种数据库的连接符： 1、oracle数据库中的连接符为||，例如连接字符串AB、CD可以使用“AB”||“CD”； 2、SQL SERVER 数据库连接符为+，例如连接字符串AB、CD可以使用“AB”+“CD”； 3、MYSQL数据库中连接符为+，例如连接字符串AB、CD可以使用“AB”+“CD”；', '2018-04-17 19:23:28'),
(20000, 234234, '1', 114, 33, '1', 1, 2, 33, 1, '不同的数据库中字符串连接符不同，下面列举几种数据库的连接符： 1、oracle数据库中的连接符为||，例如连接字符串AB、CD可以使用“AB”||“CD”； 2、SQL SERVER 数据库连接符为+，例如连接字符串AB、CD可以使用“AB”+“CD”； 3、MYSQL数据库中连接符为+，例如连接字符串AB、CD可以使用“AB”+“CD”；', '2018-04-17 19:23:36'),
(20001, 234234, '1', 114, 33, '1', 1, 2, 33, 1, '不同的数据库中字符串连接符不同，下面列举几种数据库的连接符： 1、oracle数据库中的连接符为||，例如连接字符串AB、CD可以使用“AB”||“CD”； 2、SQL SERVER 数据库连接符为+，例如连接字符串AB、CD可以使用“AB”+“CD”； 3、MYSQL数据库中连接符为+，例如连接字符串AB、CD可以使用“AB”+“CD”；', '2018-04-17 19:23:36'),
(20002, 234234, '1', 114, 33, '1', 1, 2, 33, 1, '不同的数据库中字符串连接符不同，下面列举几种数据库的连接符： 1、oracle数据库中的连接符为||，例如连接字符串AB、CD可以使用“AB”||“CD”； 2、SQL SERVER 数据库连接符为+，例如连接字符串AB、CD可以使用“AB”+“CD”； 3、MYSQL数据库中连接符为+，例如连接字符串AB、CD可以使用“AB”+“CD”；', '2018-04-17 19:23:36'),
(20003, 1234, '1', 1, 12, '1', 1, 1, 34, 1, '56', '2018-04-17 19:46:23'),
(20004, 1234, '1', 1, 12, '1', 1, 1, 34, 1, '56', '2018-04-17 19:46:23'),
(20005, 1234, '1', 1, 12, '1', 1, 1, 34, 1, '56', '2018-04-17 19:47:10'),
(20006, 1234, '1', 1, 12, '1', 1, 1, 34, 1, '56', '2018-04-17 19:47:10'),
(20007, 1234, '1', 1, 12, '1', 1, 1, 34, 1, '56', '2018-04-17 19:51:51'),
(20008, 1234, '1', 1, 12, '1', 1, 1, 34, 1, '56', '2018-04-17 19:52:18'),
(20009, 1234, '1', 1, 12, '1', 1, 1, 34, 1, '56', '2018-04-17 19:53:11'),
(20010, 2222, '1', 1, 22, '1', 1, 1, 33, 1, '44', '2018-04-17 19:54:40'),
(20011, 2222, '1', 1, 22, '1', 1, 1, 33, 1, '44', '2018-04-17 19:54:50'),
(20012, 2222, '1', 1, 22, '1', 1, 1, 33, 1, '44', '2018-04-17 19:55:44');

-- --------------------------------------------------------

--
-- 表的结构 `picture`
--

CREATE TABLE IF NOT EXISTS `picture` (
  `id` int(11) NOT NULL AUTO_INCREMENT,
  `equipmentid` int(11) NOT NULL,
  `path` varchar(128) NOT NULL,
  PRIMARY KEY (`id`)
) ENGINE=InnoDB  DEFAULT CHARSET=utf8 AUTO_INCREMENT=20026 ;

--
-- 转存表中的数据 `picture`
--

INSERT INTO `picture` (`id`, `equipmentid`, `path`) VALUES
(20006, 20009, 'uploads/2018/04/19-53-23-00.jpg'),
(20007, 20009, 'uploads/2018/04/19-53-23-01.jpg'),
(20008, 20009, 'uploads/2018/04/19-53-23-02.jpg'),
(20009, 20009, 'uploads/2018/04/19-53-23-03.jpg'),
(20010, 20009, 'uploads/2018/04/19-53-23-04.jpg'),
(20011, 20010, 'uploads/2018/04/17/19-54-50-00.jpg'),
(20012, 20010, 'uploads/2018/04/17/19-54-50-01.jpg'),
(20013, 20010, 'uploads/2018/04/17/19-54-50-02.jpg'),
(20014, 20010, 'uploads/2018/04/17/19-54-50-03.jpg'),
(20015, 20010, 'uploads/2018/04/17/19-54-50-04.jpg'),
(20016, 20011, 'uploads/2018/04/17/19-55-4400.jpg'),
(20017, 20011, 'uploads/2018/04/17/19-55-4401.jpg'),
(20018, 20011, 'uploads/2018/04/17/19-55-4402.jpg'),
(20019, 20011, 'uploads/2018/04/17/19-55-4403.jpg'),
(20020, 20011, 'uploads/2018/04/17/19-55-4404.jpg'),
(20021, 20012, 'uploads/2018/04/17/19564400.jpg'),
(20022, 20012, 'uploads/2018/04/17/19564401.jpg'),
(20023, 20012, 'uploads/2018/04/17/19564402.jpg'),
(20024, 20012, 'uploads/2018/04/17/19564403.jpg'),
(20025, 20012, 'uploads/2018/04/17/19564404.jpg');

-- --------------------------------------------------------

--
-- 表的结构 `school`
--

CREATE TABLE IF NOT EXISTS `school` (
  `id` int(11) NOT NULL AUTO_INCREMENT,
  `name` varchar(16) NOT NULL,
  PRIMARY KEY (`id`)
) ENGINE=InnoDB  DEFAULT CHARSET=utf8 AUTO_INCREMENT=10 ;

--
-- 转存表中的数据 `school`
--

INSERT INTO `school` (`id`, `name`) VALUES
(1, '大唐官府'),
(2, '方寸山'),
(3, '狮驼岭'),
(4, '普陀山'),
(5, '龙宫'),
(6, '阴曹地府'),
(7, '魔王寨'),
(8, '化生寺'),
(9, '月宫');

/*!40101 SET CHARACTER_SET_CLIENT=@OLD_CHARACTER_SET_CLIENT */;
/*!40101 SET CHARACTER_SET_RESULTS=@OLD_CHARACTER_SET_RESULTS */;
/*!40101 SET COLLATION_CONNECTION=@OLD_COLLATION_CONNECTION */;
